ticker,name,corp_code,year,quarter,quarter_key,Assets,Equity,Liabilities,Debt_to_Equity,Debt_to_Equity_log,Revenue_ttm,Revenue_ttm_yoy,Revenue_acc2,OpIncome_ttm,OpIncome_ttm_yoy,OpIncome_acc2,NetIncome_ttm,NetIncome_ttm_yoy,NetIncome_acc2,CFO_ttm,CFO_ttm_yoy,CFO_acc2,CAPEX_ttm,CAPEX_ttm_yoy,CAPEX_acc2,Assets_ttm,CFO_to_Assets_ttm,CAPEX_to_Assets_ttm,CFO_isnull,CFO_warn,CFO_safe,Quality_CFO_to_Assets,mcap,traded_value,industry4,rebalance_month,passed_filters,filter_status,industry4_scored,CFO_warn_scored,CFO_isnull_scored,quarter_scored,year_scored,corp_code_scored,score_total,score,score_rank,OpIncome_acc2__raw,OpIncome_acc2__z,OpIncome_acc2__rank,OpIncome_acc2__mult,OpIncome_acc2__contrib,Revenue_acc2__raw,Revenue_acc2__z,Revenue_acc2__rank,Revenue_acc2__mult,Revenue_acc2__contrib,Debt_to_Equity_log__raw,Debt_to_Equity_log__z,Debt_to_Equity_log__rank,Debt_to_Equity_log__mult,Debt_to_Equity_log__contrib,Quality_CFO_to_Assets__raw,Quality_CFO_to_Assets__z,Quality_CFO_to_Assets__rank,Quality_CFO_to_Assets__mult,Quality_CFO_to_Assets__contrib,CFO_isnull__raw,CFO_isnull__z,CFO_isnull__rank,CFO_isnull__mult,CFO_isnull__contrib,selected_topk
042520,한스바이오메드,00349060,2025,4,202504,126407117302.0,33886510129.0,92520607173.0,2.730307925507533,1.3164907840037212,67745961528.0,0.12305422094793572,0.11033166298595853,-25931354125.0,913.6507234287205,914.6440940967984,-28642191436.0,2.6873062758463355,3.3567083460088596,1205792797.0,-2.6107765869491315,-2.400588909301879,448853038.0,-0.3545735413837864,-1.1348179983492486,126407117302.0,0.009538962858548805,0.0035508525752362703,0,0,1205792797.0,0.009538962858548805,578928507600.0,5899290600.0,213,2026-03-31,True,passed,213,0.0,0.0,4.0,2025.0,00349060,8.249315291967747,8.249315291967747,1.0,914.6440940967984,8.581153965047863,1.0,1.0,8.581153965047863,0.11033166298595853,0.06703757302060274,21.0,1.0,0.016759393255150686,1.3164907840037212,0.9199012950221764,13.0,1.0,-0.3219654532577617,0.009538962858548805,-0.26632613077504397,56.0,1.0,-0.026632613077504398,0.0,0.0,1.0,1.0,-0.0,1
322000,HD현대에너지솔루션,01199550,2025,4,202504,530430417283.0,417784216586.0,112646200697.0,0.26962770785720197,0.23872371407604293,371610970361.0,0.15504644157424452,0.36102654694538605,26547885709.0,330.35938550168385,331.35215204500884,29705468294.0,-48.68470480595912,-47.762016226342965,-6212074189.0,-1.1792679042882137,-0.8961128016831201,1056098140.0,-0.7767304559426826,-0.8832676545341498,530430417283.0,-0.011711383786811906,0.001991021075694724,0,0,-6212074189.0,-0.011711383786811906,911680000000.0,231786703500.0,2612,2026-03-31,True,passed,2612,0.0,0.0,4.0,2025.0,01199550,3.350396249461218,3.350396249461218,2.0,331.35215204500884,3.0096846626643843,2.0,1.0,3.0096846626643843,0.36102654694538605,0.38854035068091486,10.0,1.0,0.09713508767022871,0.23872371407604293,-0.9685420145299838,75.0,1.0,0.3389897050854943,-0.011711383786811906,-0.9541320595888928,76.0,1.0,-0.09541320595888929,0.0,0.0,1.0,1.0,-0.0,1
095610,테스,00524421,2025,4,202504,487468886334.0,391753766498.0,95715119836.0,0.24432469582009406,0.21859296976161705,283547331902.0,0.4979921778457592,-0.08953404920000563,49421972958.0,0.43623734753681864,67.84288655189508,44817128622.0,0.11587494077453853,-6.021556660924148,16902311278.0,0.49347007222799144,2.712255125568911,62513702290.0,-3.620737702929877,1.61905442341408,487468886334.0,0.03467362072093153,0.12824142020659626,0,0,16902311278.0,0.03467362072093153,1306679738600.0,21480696200.0,29271,2026-03-31,True,passed,29271,0.0,0.0,4.0,2025.0,00524421,0.8514408280291123,0.8514408280291123,3.0,67.84288655189508,0.4927052947955445,3.0,1.0,0.4927052947955445,-0.08953404920000563,-0.18927951096601497,64.0,1.0,-0.047319877741503744,0.21859296976161705,-1.0038147283450698,78.0,1.0,0.3513351549207744,0.03467362072093153,0.5472025605429707,20.0,1.0,0.05472025605429707,0.0,0.0,1.0,1.0,-0.0,1
000370,한화손해보험,00135917,2025,4,202504,20492834690000.0,2707580443000.0,17785254247000.0,6.568689138297192,2.02401988710407,829575512000.0,-0.0537363199790325,5.460538639155049,365734123000.0,0.1608050385041624,-0.07946089775134535,256627771000.0,0.11112273829539054,-0.19455051012026692,-142481814000.0,-1.205841899799479,-1.391563355385668,11033001000.0,-0.41720420196326025,-0.6027974944023329,20492834690000.0,-0.006952762570691483,0.0005383833504197364,0,0,-142481814000.0,-0.006952762570691483,882546197400.0,2367103640.0,65121,2026-03-31,True,passed,65121,0.0,0.0,4.0,2025.0,00135917,0.7401464790144461,0.7401464790144461,4.0,-0.07946089775134535,-0.15607320955062015,53.0,1.0,-0.15607320955062015,5.460538639155049,6.928391808611322,1.0,1.0,1.7320979521528306,2.02401988710407,2.159620561220348,6.0,1.0,-0.7558671964271217,-0.006952762570691483,-0.8001106716064269,74.0,1.0,-0.0800110671606427,0.0,0.0,1.0,1.0,-0.0,1
298380,에이비엘바이오,01256864,2025,4,202504,280934191003.0,156697416161.0,124236774842.0,0.7928450761073937,0.5838037860418026,77906720026.0,2.0592655937064293,2.6123110693487375,-17981218588.0,-0.5976181534134928,17.741805684422815,-16578264048.0,-0.6088324276071618,29.364269320113777,-23624991896.0,0.5186080601824221,0.621631681099445,,,,280934191003.0,-0.08409439880440796,,0,0,-23624991896.0,-0.08409439880440796,8903190104800.0,125475900000.0,211,2026-03-31,True,passed,211,0.0,0.0,4.0,2025.0,01256864,0.630745246778098,0.630745246778098,5.0,17.741805684422815,0.014151394175107294,5.0,1.0,0.014151394175107294,2.6123110693487375,3.275692317346041,2.0,1.0,0.8189230793365102,0.5838037860418026,-0.36389916419011803,50.0,1.0,0.1273647074665413,-0.08409439880440796,-3.2969393420006075,86.0,1.0,-0.32969393420006077,0.0,0.0,1.0,1.0,-0.0,1
100840,SNT에너지,00648721,2025,4,202504,589839322838.0,364744033303.0,225095289535.0,0.6171322050058292,0.48065433668749946,457820946881.0,1.0383075257842291,1.0852600533981915,86996847532.0,4.0971468639461195,4.084069368219204,59509513638.0,0.6099153561241448,-0.9211218438705138,11320364085.0,0.048677353557393666,0.513187619378723,1173402894.0,0.1889469377745545,-0.3462074216847011,589839322838.0,0.01919228448610767,0.001989360235180991,0,0,11320364085.0,0.01919228448610767,980269114200.0,9006441050.0,29176,2026-03-31,True,passed,29176,0.0,0.0,4.0,2025.0,00648721,0.4082632402213108,0.4082632402213108,6.0,4.084069368219204,-0.11630413442024605,12.0,1.0,-0.11630413442024605,1.0852600533981915,1.3173310795612374,3.0,1.0,0.32933276989030935,0.48065433668749946,-0.5446357008243227,55.0,1.0,0.1906224952885129,0.01919228448610767,0.04612109462734601,40.0,1.0,0.004612109462734601,0.0,0.0,1.0,1.0,-0.0,1
041920,메디아나,00273439,2025,4,202504,146835881738.0,135432248814.0,11403632924.0,0.084201754189739,0.08084400580049247,49941574445.0,0.1350387385333769,0.4149844530359782,4370574369.0,1.180374769618802,1.9089062941197898,3000957137.0,-0.5933901542798659,-0.7851238347895226,2383860301.0,-0.19804440461810813,0.13651757544230436,107940201.0,-0.6469843092274332,-2.0802977054237335,146835881738.0,0.01623486216573095,0.0007351077932885522,0,0,2383860301.0,0.01623486216573095,479834153400.0,10100181600.0,27112,2026-03-31,True,passed,27112,0.0,0.0,4.0,2025.0,00273439,0.408205269769238,0.408205269769238,7.0,1.9089062941197898,-0.13708078744993415,13.0,1.0,-0.13708078744993415,0.4149844530359782,0.45773847874350104,8.0,1.0,0.11443461968587526,0.08084400580049247,-1.245175887586633,85.0,1.0,0.4358115606553215,0.01623486216573095,-0.04960123122024675,47.0,1.0,-0.004960123122024675,0.0,0.0,1.0,1.0,-0.0,1
003670,포스코퓨처엠,00155276,2025,4,202504,9143896515830.0,4512079082909.0,4631817432921.0,1.0265372897530871,0.7063285679793946,2063899869084.0,-0.2568297131890379,-0.056218451457201724,-33842667016.0,51.35978732913881,51.84458929691228,-9927215216.0,-0.9568625673784168,-12.249109930432835,155108192327.0,0.7752437005178336,1.2540592291175574,294637115074.0,-0.4483743612245983,-0.5535305191676603,9143896515830.0,0.01696303015442872,0.03222227138768702,0,0,155108192327.0,0.01696303015442872,17351761280000.0,302680349600.0,282,2026-03-31,True,passed,282,0.0,0.0,4.0,2025.0,00155276,0.3528762219460445,0.3528762219460445,8.0,51.84458929691228,0.33989327114062406,4.0,1.0,0.33989327114062406,-0.056218451457201724,-0.1465540390913733,59.0,1.0,-0.036638509772843324,0.7063285679793946,-0.14921353205263832,43.0,1.0,0.05222473621842341,0.01696303015442872,-0.026032756401596024,44.0,1.0,-0.002603275640159603,0.0,0.0,1.0,1.0,-0.0,1
302440,SK바이오사이언스,01319899,2025,4,202504,2955743509068.0,2037454202719.0,918289306349.0,0.45070426865228924,0.3720491410360144,500603550983.0,1.4313260040923086,0.9358406316747347,-104130697214.0,0.05376579672839199,-0.3012909048514487,-77255838835.0,1.7789985672879256,1.71281667261069,23664742479.0,-2.827794179495715,-1.6171450245638492,58439475841.0,0.19180142378808318,-2.4810191117278615,2955743509068.0,0.008006358605338501,0.019771497649140414,0,0,23664742479.0,0.008006358605338501,3858604180250.0,4796905300.0,211,2026-03-31,True,passed,211,0.0,0.0,4.0,2025.0,01319899,0.34886801662206823,0.34886801662206823,9.0,-0.3012909048514487,-0.15819207831221876,64.0,1.0,-0.15819207831221876,0.9358406316747347,1.1257086644493934,5.0,1.0,0.28142716611234836,0.3720491410360144,-0.7349316941175793,62.0,1.0,0.25722609294115273,0.008006358605338501,-0.3159316411921412,59.0,1.0,-0.03159316411921412,0.0,0.0,1.0,1.0,-0.0,1
098460,고영,00579999,2025,4,202504,410335212878.0,335165611050.0,75169601828.0,0.2242759977448468,0.20234964702508956,172360832068.0,0.10318014198694492,0.2128991497020375,12646074759.0,3.8130464141012164,4.671794582701394,6302311916.0,-0.7521078642961823,-1.165276745008475,15042890383.0,0.6337339999465961,2.9736964739126908,2717575290.0,-0.18013148599143114,-3.1335365971446834,410335212878.0,0.03666000360410823,0.006622817649354368,0,1,15042890383.0,0.03666000360410823,2131730142750.0,41699274000.0,29271,2026-03-31,True,passed,29271,1.0,0.0,4.0,2025.0,00579999,0.3369397198519973,0.3369397198519973,10.0,4.671794582701394,-0.11069031952815976,10.0,1.0,-0.11069031952815976,0.2128991497020375,0.19857488784747154,14.0,1.0,0.049643721961867886,0.20234964702508956,-1.0322759747521901,80.0,1.0,0.3612965911632665,0.03666000360410823,0.6114954375837108,19.0,0.6,0.036689726255022655,0.0,0.0,1.0,0.6,-0.0,1
030190,NICE평가정보,00158325,2025,4,202504,646531372501.0,469548309154.0,176983063347.0,0.3769219479586157,0.31985053546651265,451095582703.0,0.12591257281540202,0.0339047526445877,77392774235.0,0.205986508966435,-0.09245799219666773,55114988928.0,-0.03581911362782264,-0.36843379531866083,45771128089.0,-0.03498909755740354,-0.4783663757204978,2685539291.0,-0.5319162593445601,-0.7020547674283888,646531372501.0,0.0707949065363092,0.004153764852293918,0,0,45771128089.0,0.0707949065363092,1053266696100.0,1429066080.0,63991,2026-03-31,True,passed,63991,0.0,0.0,4.0,2025.0,00158325,0.2969296076268584,0.2969296076268584,11.0,-0.09245799219666773,-0.1561973547813387,55.0,1.0,-0.1561973547813387,0.0339047526445877,-0.03097585100572483,33.0,1.0,-0.007743962751431207,0.31985053546651265,-0.8263931148699245,68.0,1.0,0.28923759020447354,0.0707949065363092,1.7163333495515478,5.0,1.0,0.1716333349551548,0.0,0.0,1.0,1.0,-0.0,0
003160,디아이,00118275,2025,4,202504,373777690545.0,185897332896.0,187880357649.0,1.0106673114783706,0.69846666273297,323229794794.0,1.0241160408811925,1.0060865265924501,26502982822.0,4.4754809883899425,4.093940747094373,5852400180.0,0.10315837070580014,-2.0538055954519088,12008824866.0,11.940318808157986,12.905032547277534,1555390499.0,0.290005370872386,-5.753903302025839,373777690545.0,0.03212825476151372,0.0041612716284166315,0,0,12008824866.0,0.03212825476151372,1017385000000.0,9056288000.0,27212,2026-03-31,True,passed,27212,0.0,0.0,4.0,2025.0,00118275,0.2912668452730168,0.2912668452730168,12.0,4.093940747094373,-0.11620984529946421,11.0,1.0,-0.11620984529946421,1.0060865265924501,1.2157952668506413,4.0,1.0,0.30394881671266033,0.69846666273297,-0.16298901543601896,44.0,1.0,0.05704615540260663,0.03212825476151372,0.46481718457214005,21.0,1.0,0.04648171845721401,0.0,0.0,1.0,1.0,-0.0,0
052400,코나아이,00349732,2025,4,202504,559070392738.0,257888596774.0,301181795964.0,1.1678755855496004,0.7737476951916037,215913386520.0,0.1946623467964239,0.3348816599021338,58722210940.0,1.5201381039646646,1.60043644888358,44492412626.0,0.9576571992231604,0.9201557393533388,66298905944.0,11.927986804315983,13.0335115610944,9859814630.0,1.5804503935637308,2.1269797519932405,559070392738.0,0.11858776069200644,0.017636087974024866,0,0,66298905944.0,0.11858776069200644,893999940000.0,15680766500.0,58221,2026-03-31,True,passed,58221,0.0,0.0,4.0,2025.0,00349732,0.28592811947339697,0.28592811947339697,13.0,1.60043644888358,-0.14002721984431812,14.0,1.0,-0.14002721984431812,0.3348816599021338,0.35501093167856673,11.0,1.0,0.08875273291964168,0.7737476951916037,-0.031082997847055593,37.0,1.0,0.010879049246469458,0.11858776069200644,3.2632355715160393,1.0,1.0,0.32632355715160394,0.0,0.0,1.0,1.0,-0.0,0
026960,동서,00144395,2025,4,202504,1798366336076.0,1737278347482.0,61087988594.0,0.03516304032830463,0.03455894119852598,395556317133.0,0.060997332221572,0.0493093912902518,31878617432.0,-0.07339568186511647,-0.10539702834330966,112428097523.0,-0.10952479845285057,-0.2555391158423913,20453992000.0,0.3321584777324422,0.529241484973492,823547134.0,0.38203573506600774,0.625361020222278,1798366336076.0,0.011373651513423127,0.0004579418094518849,0,0,20453992000.0,0.011373651513423127,2866375000000.0,2039758700.0,4632,2026-03-31,True,passed,4632,0.0,0.0,4.0,2025.0,00144395,0.28437618619111665,0.28437618619111665,14.0,-0.10539702834330966,-0.1563209454526582,56.0,1.0,-0.1563209454526582,0.0493093912902518,-0.01122022601963244,29.0,1.0,-0.00280505650490811,0.03455894119852598,-1.32627571241765,86.0,1.0,0.4641964993461775,0.011373651513423127,-0.2069431119749455,54.0,1.0,-0.020694311197494552,0.0,0.0,1.0,1.0,-0.0,0
281820,케이씨텍,01261893,2025,4,202504,600479162239.0,530239452127.0,70239710112.0,0.1324679063963286,0.12439923925061419,286892657970.0,,,45097098548.0,,,38393555988.0,,,14485546480.0,,,14184491213.0,,,600479162239.0,0.024123312499284576,0.02362195410763372,0,0,14485546480.0,0.024123312499284576,959631576000.0,3791558400.0,272,2026-03-31,True,passed,272,0.0,0.0,4.0,2025.0,01261893,0.25861702256922336,0.25861702256922336,15.0,,-0.15507689432388708,41.0,1.0,-0.15507689432388708,,-0.0639163392839391,42.0,1.0,-0.015979084820984774,0.12439923925061419,-1.1688592218618359,83.0,1.0,0.4091007276516425,0.024123312499284576,0.2057227406245274,31.0,1.0,0.02057227406245274,0.0,0.0,1.0,1.0,-0.0,0
004000,롯데정밀화학,00157681,2025,4,202504,2746168414774.0,2435737106786.0,310431307988.0,0.12744860975477762,0.11995721242448422,1309319560199.0,0.047346331415184295,0.13312094439826339,46789355517.0,0.16841359189976512,0.8336965706548338,70875858234.0,-0.34337448959134753,0.10283786127905681,17853888048.0,0.8523864904783769,1.6389484173353526,147844132392.0,2.7954222775834685,3.097957410598247,2746168414774.0,0.006501381325321708,0.053836513302177445,0,0,17853888048.0,0.006501381325321708,1252590000000.0,6485395000.0,20119,2026-03-31,True,passed,20119,0.0,0.0,4.0,2025.0,00157681,0.2520755254695576,0.2520755254695576,16.0,0.8336965706548338,-0.14735094127176998,17.0,1.0,-0.14735094127176998,0.13312094439826339,0.09626360731065355,20.0,1.0,0.024065901827663386,0.11995721242448422,-1.1766424582166255,84.0,1.0,0.4118248603758189,0.006501381325321708,-0.3646429546215471,64.0,1.0,-0.03646429546215471,0.0,0.0,1.0,1.0,-0.0,0
064960,SNT모티브,00398792,2025,4,202504,1279363819077.0,1019390057900.0,259973761177.0,0.2550287391585517,0.22715847204948206,775288589228.0,0.03638648988019333,0.16606854360575274,80551228283.0,0.05840505727884726,0.19130212122431123,48245408942.0,-0.44788341858217884,-0.966116857990463,28533183729.0,-0.37284144070332537,-0.6137813460548327,21598758481.0,0.39008958953606987,-0.5221167266281534,1279363819077.0,0.02230263456221963,0.016882420902431392,0,0,28533183729.0,0.02230263456221963,927582506400.0,1969803600.0,303,2026-03-31,True,passed,303,0.0,0.0,4.0,2025.0,00398792,0.241903906964571,0.241903906964571,17.0,0.19130212122431123,-0.15348694401241114,34.0,1.0,-0.15348694401241114,0.16606854360575274,0.13851714074997518,17.0,1.0,0.034629285187493794,0.22715847204948206,-0.9888064153804161,77.0,1.0,0.34608224538314564,0.02230263456221963,0.14679320406342716,36.0,1.0,0.014679320406342717,0.0,0.0,1.0,1.0,-0.0,0
005930,삼성전자,00126380,2025,4,202504,566942110000000.0,436320337000000.0,130621773000000.0,0.2993712690499687,0.26188050828400256,247544191000000.0,0.11620943587097132,-0.04168330706387158,31434989000000.0,0.33523919840595284,-4.360398964655245,32981058000000.0,0.35443337036071654,-1.1707793528689163,28799652000000.0,0.30775123056109877,0.2036139453988175,12759490000000.0,-0.18955302253227924,-0.18049774206135205,566942110000000.0,0.05079822347293977,0.022505807515338736,0,0,28799652000000.0,0.05079822347293977,1081724598060000.0,3366760928500.0,264,2026-03-31,True,passed,264,0.0,0.0,4.0,2025.0,00126380,0.20275683033458597,0.20275683033458597,18.0,-4.360398964655245,-0.19696373675602122,85.0,1.0,-0.19696373675602122,-0.04168330706387158,-0.12791349396997526,56.0,1.0,-0.031978373492493814,0.26188050828400256,-0.9279671126677178,72.0,1.0,0.3247884894337012,0.05079822347293977,1.0691045114939977,9.0,1.0,0.10691045114939977,0.0,0.0,1.0,1.0,-0.0,0
114810,한솔아이원스,00625942,2025,4,202504,254358289046.0,210271082405.0,44087206641.0,0.2096684248577952,0.1903462930126865,147606242909.0,0.22402070447965805,-0.0035667133546952723,23936799073.0,0.30280938027457793,-1.6260698798144473,21993607543.0,-0.18123009295730053,23.545499552382037,6297345284.0,-0.3766454380324389,-3.6978962758046166,4582462128.0,1.3435371732304833,1.8023218433966237,254358289046.0,0.02475777497803951,0.018015776663646586,0,0,6297345284.0,0.02475777497803951,528986371580.0,3649808030.0,2927,2026-03-31,True,passed,2927,0.0,0.0,4.0,2025.0,00625942,0.2006798261114934,0.2006798261114934,19.0,-1.6260698798144473,-0.17084605972243008,76.0,1.0,-0.17084605972243008,-0.0035667133546952723,-0.0790310015995564,49.0,1.0,-0.0197577503998891,0.1903462930126865,-1.053308027233094,81.0,1.0,0.36865780953158284,0.02475777497803951,0.22625826702229768,30.0,1.0,0.02262582670222977,0.0,0.0,1.0,1.0,-0.0,0
000100,유한양행,00145109,2025,4,202504,3220925833989.0,2362284335746.0,858641498243.0,0.3634793175614249,0.3100397545499756,1616624008341.0,0.10048795278101674,0.03283415723087746,82360675082.0,10.278660893749757,11.147973753510511,164149185534.0,7.365746399819077,8.195147978654143,7697210176.0,-0.8562202220002778,-0.7687977796952249,49682322071.0,0.12151475943680201,0.4261470250492835,3220925833989.0,0.002389750827161172,0.015424857519761715,0,0,7697210176.0,0.002389750827161172,8726746163200.0,19545417600.0,212,2026-03-31,True,passed,212,0.0,0.0,4.0,2025.0,00145109,0.18856328521229804,0.18856328521229804,20.0,11.147973753510511,-0.04883135861061869,6.0,1.0,-0.04883135861061869,0.03283415723087746,-0.03234883235190156,34.0,1.0,-0.00808720808797539,0.3100397545499756,-0.8435833817654974,69.0,1.0,0.29525418361792405,0.002389750827161172,-0.49772331707031936,68.0,1.0,-0.049772331707031936,0.0,0.0,1.0,1.0,-0.0,0
004800,효성,00117188,2025,4,202504,5387103885233.0,2857192993387.0,2529910891846.0,0.8854532744905586,0.6341682559138802,1819536924777.0,0.07343524057604678,0.42932316665066395,271167977457.0,0.5611540447740866,-1.9101592665339469,337122709879.0,1.3302482233957749,11.418961572915304,333713404397.0,0.32655989303555844,0.04838487230609689,121267877277.0,7.518822941606619,7.812126921834892,5387103885233.0,0.061946717848112634,0.022510773851868088,0,0,333713404397.0,0.061946717848112634,2710271893300.0,4473001600.0,649,2026-03-31,True,passed,649,0.0,0.0,4.0,2025.0,00117188,0.18494475183061004,0.18494475183061004,21.0,-1.9101592665339469,-0.17355961563351122,78.0,1.0,-0.17355961563351122,0.42932316665066395,0.47612711189942647,7.0,1.0,0.11903177797485662,0.6341682559138802,-0.27565148171504633,48.0,1.0,0.09647801860026621,0.061946717848112634,1.429945708889984,6.0,1.0,0.14299457088899842,0.0,0.0,1.0,1.0,-0.0,0
166090,하나머티리얼즈,00660750,2025,4,202504,685606173112.0,463680286012.0,221925887100.0,0.4786183363729563,0.3911080952359938,203645533963.0,0.08185462768753449,0.03912184228342297,38082869179.0,0.21216012674734852,0.27861645079986175,29168272001.0,0.23711965984351524,0.39000962447029186,29859891423.0,0.26077718666785854,-0.7184404288150159,6257293333.0,0.25171219013938795,1.05424337228721,685606173112.0,0.04355254166902332,0.009126658391358757,0,0,29859891423.0,0.04355254166902332,1168860533400.0,7377029600.0,2612,2026-03-31,True,passed,2612,0.0,0.0,4.0,2025.0,00660750,0.1702721825050692,0.1702721825050692,22.0,0.27861645079986175,-0.1526529377938833,27.0,1.0,-0.1526529377938833,0.03912184228342297,-0.024285212634102413,31.0,1.0,-0.006071303158525603,0.3911080952359938,-0.7015369509023989,60.0,1.0,0.24553793281583958,0.04355254166902332,0.8345849064163855,12.0,1.0,0.08345849064163856,0.0,0.0,1.0,1.0,-0.0,0
018260,삼성에스디에스,00126186,2025,4,202504,13453704199195.0,10262899983419.0,3190804215776.0,0.31090668533564036,0.2707190240145882,10538550877205.0,0.0272948183821895,0.00844826285614686,724807110801.0,0.10103306580437033,0.03096048602216772,581589723815.0,-0.036603100671123934,-0.18700910662378856,302073226595.0,-0.5390928650199331,-0.5455361865168182,121006703765.0,-0.06578475403812589,0.23110608839704805,13453704199195.0,0.02245279234049716,0.008994303871512234,0,0,302073226595.0,0.02245279234049716,13185177120000.0,26867564700.0,62021,2026-03-31,True,passed,62021,0.0,0.0,4.0,2025.0,00126186,0.1636093845102992,0.1636093845102992,23.0,0.03096048602216772,-0.15501849011140287,40.0,1.0,-0.15501849011140287,0.00844826285614686,-0.06362243735484895,41.0,1.0,-0.015905609338712236,0.2707190240145882,-0.9124804306531001,71.0,1.0,0.31936815072858504,0.02245279234049716,0.15165333231829253,35.0,1.0,0.015165333231829253,0.0,0.0,1.0,1.0,-0.0,0
086450,동국제약,00114808,2025,4,202504,1062896288305.0,763738526426.0,299157761879.0,0.3917018083125154,0.3305273207979428,700074244028.0,0.14524545502007014,0.04294453205105242,71756160074.0,0.23954591319599428,0.14069522479662422,51606547659.0,0.2560477661158598,0.12638640474170226,23533178247.0,-0.22992574155268353,-1.8758697277858536,14415964867.0,1.3500369940265977,1.7595822708492022,1062896288305.0,0.02214061569876055,0.013562908277710829,0,0,23533178247.0,0.02214061569876055,804726000000.0,3987059200.0,212,2026-03-31,True,passed,212,0.0,0.0,4.0,2025.0,00114808,0.13802879124066889,0.13802879124066889,24.0,0.14069522479662422,-0.15397032934590976,36.0,1.0,-0.15397032934590976,0.04294453205105242,-0.019382817503352863,30.0,1.0,-0.004845704375838216,0.3305273207979428,-0.8076854512297497,66.0,1.0,0.2826899079304124,0.02214061569876055,0.14154917032004508,37.0,1.0,0.014154917032004508,0.0,0.0,1.0,1.0,-0.0,0
004370,농심,00108241,2025,4,202504,3822122467403.0,2831185859403.0,990936608000.0,0.3500076141977322,0.3001102325809008,2643159175243.0,0.021179218332737504,0.007989917142651626,129557482005.0,0.032563655191972796,0.2302629947081125,119440014612.0,-0.010398253192428042,-0.004326554224751478,69780606329.0,0.03518812317850473,0.1964841151425325,32359709160.0,0.5577645900482793,1.055028452054065,3822122467403.0,0.018257030465173324,0.008466423940096116,0,0,69780606329.0,0.018257030465173324,2740230221000.0,12610944000.0,108,2026-03-31,True,passed,108,0.0,0.0,4.0,2025.0,00108241,0.1337612280466538,0.1337612280466538,25.0,0.2302629947081125,-0.15311479878810805,30.0,1.0,-0.15311479878810805,0.007989917142651626,-0.06421024121302925,46.0,1.0,-0.016052560303257312,0.3001102325809008,-0.8609817045132956,70.0,1.0,0.3013435965796534,0.018257030465173324,0.01584990558365714,41.0,1.0,0.0015849905583657142,0.0,0.0,1.0,1.0,-0.0,0
012750,에스원,00158501,2025,4,202504,2431985312121.0,1756330800795.0,675654511326.0,0.38469661354237267,0.32548106405004246,2190672800074.0,0.03237718650125143,-0.04183471259664984,172441062673.0,0.1573422115804335,0.22083757623104527,130268614674.0,0.0645462418472138,0.23235964796517417,66854510040.0,0.034766231405957804,0.5583111334600488,42428101786.0,0.11136256018421675,0.16395871030134457,2431985312121.0,0.02748968495278221,0.01744587090001679,0,0,66854510040.0,0.02748968495278221,3503524211600.0,6984804300.0,75320,2026-03-31,True,passed,75320,0.0,0.0,4.0,2025.0,00158501,0.1320209964859014,0.1320209964859014,26.0,0.22083757623104527,-0.1532048281986334,31.0,1.0,-0.1532048281986334,-0.04183471259664984,-0.12810766346626712,57.0,1.0,-0.03202691586656678,0.32548106405004246,-0.816527407956535,67.0,1.0,0.28578459278478724,0.02748968495278221,0.3146814776631435,25.0,1.0,0.031468147766314354,0.0,0.0,1.0,1.0,-0.0,0
006650,대한유화,00260383,2025,4,202504,2700325545731.0,2081469764215.0,618855781516.0,0.29731672885932775,0.26029807664722177,2437903246992.0,0.15140556935116423,-0.0032508680908487353,9819592852.0,-1.3137906016122283,-0.6996933619602632,13543664868.0,0.15191864730397153,1.4053980128315837,25506610014.0,-0.6391303472587493,-1.6492361225343688,34553173647.0,1.3015173002164135,0.45552664669718945,2700325545731.0,0.00944575369970629,0.012795928884065782,0,0,25506610014.0,0.00944575369970629,1067300000000.0,5517182000.0,20111,2026-03-31,True,passed,20111,0.0,0.0,4.0,2025.0,00260383,0.11717062265273337,0.11717062265273337,27.0,-0.6996933619602632,-0.16199752615017096,74.0,1.0,-0.16199752615017096,-0.0032508680908487353,-0.07862594694493508,48.0,1.0,-0.01965648673623377,0.26029807664722177,-0.9307398197958942,73.0,1.0,0.32575893692856295,0.00944575369970629,-0.2693430138942485,57.0,1.0,-0.026934301389424847,0.0,0.0,1.0,1.0,-0.0,0
035420,NAVER,00266961,2025,4,202504,41084496327318.0,28953013365595.0,12131482961723.0,0.4190058840693555,0.34995654480028476,8896952649474.0,0.10904673018835376,-0.0012331723181531196,1637491557549.0,0.12620259205906215,-0.18530916630851646,1084022588790.0,-0.22674678921371105,-1.4561902995968175,944516558325.0,0.08746057351627812,-0.39913590614283767,566670502186.0,1.6057055938824991,0.6327419109075343,41084496327318.0,0.02298961026076812,0.013792806358665474,0,0,944516558325.0,0.02298961026076812,40005344520000.0,157466321000.0,63120,2026-03-31,True,passed,63120,0.0,0.0,4.0,2025.0,00266961,0.11158367878461595,0.11158367878461595,28.0,-0.18530916630851646,-0.1570842476542879,60.0,1.0,-0.1570842476542879,-0.0012331723181531196,-0.0760383600538516,47.0,1.0,-0.0190095900134629,0.34995654480028476,-0.7736419281895857,64.0,1.0,0.270774674866355,0.02298961026076812,0.16902841586011763,33.0,1.0,0.016902841586011765,0.0,0.0,1.0,1.0,-0.0,0
012330,현대모비스,00164788,2025,4,202504,70400532000000.0,49212795000000.0,21187737000000.0,0.43053309611860086,0.3580471692897476,46086195000000.0,0.06594184500693845,0.10567455092541322,2577157000000.0,0.19042773338260433,-0.15835575101315014,2734236000000.0,-0.12892681832778574,-0.42322550593901387,737917000000.0,-0.17592423010604752,-0.18324984184862525,440593000000.0,-0.248689961172035,-0.14667542638624398,70400532000000.0,0.010481696359908189,0.006258376002044984,0,0,737917000000.0,0.010481696359908189,40452865890000.0,108053840000.0,303,2026-03-31,True,passed,303,0.0,0.0,4.0,2025.0,00164788,0.10067117914704757,0.10067117914704757,29.0,-0.15835575101315014,-0.1568267948847806,59.0,1.0,-0.1568267948847806,0.10567455092541322,0.061065075936924826,22.0,1.0,0.015266268984231206,0.3580471692897476,-0.7594656872247821,63.0,1.0,0.26581299052867374,0.010481696359908189,-0.23581285481076772,55.0,1.0,-0.023581285481076773,0.0,0.0,1.0,1.0,-0.0,0
020150,롯데에너지머티리얼즈,00113997,2025,4,202504,2208680587320.0,1793464927050.0,415215660270.0,0.2315159075638975,0.20824585572109267,533824850423.0,-0.2272415934179246,-0.3954543767919503,-110943093099.0,2.3920641057119365,7.1213370598594885,-142624272576.0,-7.408508737213422,-5.9813579313583345,15569246101.0,-0.12999156148125846,2.018200851266065,15929799446.0,0.32395646408486867,0.8122673112260602,2208680587320.0,0.007049116196512431,0.007212359966150255,0,0,15569246101.0,0.007049116196512431,1957404945750.0,5360759250.0,2629,2026-03-31,True,passed,2629,0.0,0.0,4.0,2025.0,00113997,0.09029485987572688,0.09029485987572688,30.0,7.1213370598594885,-0.0872928580985298,7.0,1.0,-0.0872928580985298,-0.3954543767919503,-0.5816059657790318,79.0,1.0,-0.14540149144475795,0.20824585572109267,-1.0219447481129893,79.0,1.0,0.3576806618395462,0.007049116196512431,-0.34691452420531593,61.0,1.0,-0.03469145242053159,0.0,0.0,1.0,1.0,-0.0,0
045100,한양이엔지,00216762,2025,4,202504,923696416239.0,624227340914.0,299469075325.0,0.4797436057294676,0.391868833396369,866454721272.0,-0.07587882040654259,-0.24092642909418704,41621017040.0,-0.33595487399028556,-0.26903573662617697,33820748068.0,-0.41720646257671823,-0.3514879951807025,38894252060.0,-0.5062655360138557,-0.6247710903285286,25220086627.0,2.6356429257313914,2.972815371118167,923696416239.0,0.04210718086183024,0.027303436695887837,0,0,38894252060.0,0.04210718086183024,521100000000.0,3675670500.0,721,2026-03-31,True,passed,721,0.0,0.0,4.0,2025.0,00216762,0.0701096994292072,0.0701096994292072,31.0,-0.26903573662617697,-0.15788398442877136,62.0,1.0,-0.15788398442877136,-0.24092642909418704,-0.38343213938766946,73.0,1.0,-0.09585803484691736,0.391868833396369,-0.7002039997208621,59.0,1.0,0.24507139990230173,0.04210718086183024,0.787803188025942,13.0,1.0,0.0787803188025942,0.0,0.0,1.0,1.0,-0.0,0
009150,삼성전기,00126371,2025,4,202504,14595895255468.0,9797343882863.0,4798551372605.0,0.489780845704352,0.3986290257196428,8425423481425.0,0.09723382400192215,-0.07536700205641567,653053905842.0,0.28017045451511824,0.16006440858457638,506137732875.0,-0.12585666212809365,-1.1533640327395378,294405983022.0,0.11404029610156474,-0.38641911855248723,569769657966.0,2.402918989436156,2.785383842539142,14595895255468.0,0.020170464220871133,0.0390362939712485,0,0,294405983022.0,0.020170464220871133,24017410460000.0,150124221000.0,2622,2026-03-31,True,passed,2622,0.0,0.0,4.0,2025.0,00126371,0.05214070908679334,0.05214070908679334,32.0,0.16006440858457638,-0.1537853193961628,35.0,1.0,-0.1537853193961628,-0.07536700205641567,-0.1711110308759071,62.0,1.0,-0.042777757718976774,0.3986290257196428,-0.6883589171233497,57.0,1.0,0.24092562099317238,0.020170464220871133,0.07778165208760521,38.0,1.0,0.007778165208760521,0.0,0.0,1.0,1.0,-0.0,0
090360,로보스타,00536523,2025,4,202504,109142421219.0,86810119833.0,22332301386.0,0.2572545853981254,0.22893044322822984,58390181902.0,-0.19018439074119053,-0.16748190061520296,-4556474287.0,-3.0828775701178897,-3.80063488198547,-4664381669.0,-2.040183962773927,-13.814868556326394,-1593430905.0,-1.9024208698789353,-1.106103173977836,,,,109142421219.0,-0.014599556132282398,,0,1,-1593430905.0,-0.014599556132282398,760500000000.0,9024038100.0,29280,2026-03-31,True,passed,29280,1.0,0.0,4.0,2025.0,00536523,0.01821091588675884,0.01821091588675884,33.0,-3.80063488198547,-0.19161700010781535,84.0,1.0,-0.19161700010781535,-0.16748190061520296,-0.2892434605562069,71.0,1.0,-0.07231086513905173,0.22893044322822984,-0.985701600610514,76.0,1.0,0.3449955602136799,-0.014599556132282398,-1.0476129846675664,78.0,0.6,-0.06285677908005398,0.0,0.0,1.0,0.6,-0.0,0
207940,삼성바이오로직스,00877059,2025,4,202504,11060741976837.0,7451110647985.0,3609631328852.0,0.48444205157900194,0.39503897881072786,2896750871868.0,-0.13793505951720686,-0.40089353846579345,1340373130190.0,0.36567366280326774,0.13134619179968143,1209892339572.0,0.4775550909853086,0.15110940897150105,422151027238.0,0.08366422876121571,0.6159275766634531,554841586842.0,-0.03095020735858145,-0.9457739672057475,11060741976837.0,0.03816661017154665,0.05016314348566569,0,0,422151027238.0,0.03816661017154665,121707540000000.0,67539008000.0,211,2026-03-31,True,passed,211,0.0,0.0,4.0,2025.0,00877059,0.007948235099600437,0.007948235099600437,34.0,0.13134619179968143,-0.15405962914005092,38.0,1.0,-0.15405962914005092,-0.40089353846579345,-0.5885813996557243,80.0,1.0,-0.14714534991393108,0.39503897881072786,-0.6946493301961613,58.0,1.0,0.24312726556865644,0.03816661017154665,0.6602594858492602,17.0,1.0,0.06602594858492603,0.0,0.0,1.0,1.0,-0.0,0
005490,POSCO홀딩스,00155319,2025,4,202504,105192437963565.0,62377691037383.0,42814746926182.0,0.6863791559793884,0.5225837192193716,51833844855646.0,-0.046589668205502366,0.018733146213553264,1188296676868.0,-0.16925955798293746,0.21820078957717237,117489912012.0,-0.739352097847044,-0.08733668461180044,1915391005581.0,-0.1486458936379278,-0.34022556389854053,1788687635633.0,-0.1927548467699003,-0.11586084779271122,105192437963565.0,0.01820844770461946,0.017003956465506953,0,0,1915391005581.0,0.01820844770461946,31025453563500.0,102693336000.0,2411,2026-03-31,True,passed,2411,0.0,0.0,4.0,2025.0,00155319,0.0004983105657965874,0.0004983105657965874,35.0,0.21820078957717237,-0.15323001417299698,32.0,1.0,-0.15323001417299698,0.018733146213553264,-0.050432624642701145,37.0,1.0,-0.012608156160675286,0.5225837192193716,-0.47116782068090673,53.0,1.0,0.16490873723831734,0.01820844770461946,0.01427743661151513,42.0,1.0,0.001427743661151513,0.0,0.0,1.0,1.0,-0.0,0
028260,삼성물산,00149655,2025,4,202504,86532745699428.0,57496949405446.0,29035796293982.0,0.5049971623578309,0.4087910127225372,30591290032065.0,-0.03780917521484839,-0.06590599471455838,2299317999906.0,0.02317104736194131,-0.0785271399169889,3022056973447.0,0.3662211500641357,0.2700523543724891,114829585036.0,-0.9202374174128498,-0.9831919852068207,698557819650.0,0.03614766385079604,0.7590587450542008,86532745699428.0,0.0013270072977328287,0.008072756896868207,0,0,114829585036.0,0.0013270072977328287,56535346026000.0,87005490000.0,467,2026-03-31,True,passed,467,0.0,0.0,4.0,2025.0,00149655,-0.01432718704026515,-0.01432718704026515,36.0,-0.0785271399169889,-0.15606429051242518,52.0,1.0,-0.15606429051242518,-0.06590599471455838,-0.15897779508014193,60.0,1.0,-0.03974444877003548,0.4087910127225372,-0.6705532734895544,56.0,1.0,0.23469364572134402,0.0013270072977328287,-0.5321209347914849,69.0,1.0,-0.053212093479148494,0.0,0.0,1.0,1.0,-0.0,0
025980,아난티,00161781,2025,4,202504,1610359434308.0,726361921905.0,883997512403.0,1.217020724440752,0.7961642785565411,184694609587.0,-0.06709596458288414,0.6190542187903237,-869370643.0,-0.9417265925240208,0.1394086200587079,-45195418766.0,0.04387547125522451,1.3485465113813329,6378475636.0,0.4364503115580407,1.1642504234889681,8797789693.0,1.7235788137861365,2.618332198316855,1610359434308.0,0.003960901833534414,0.005463245972027709,0,0,6378475636.0,0.003960901833534414,761327216020.0,9159463310.0,551,2026-03-31,True,passed,551,0.0,0.0,4.0,2025.0,00161781,-0.021676098830086067,-0.021676098830086067,37.0,0.1394086200587079,-0.15398261869586444,37.0,1.0,-0.15398261869586444,0.6190542187903237,0.7194470365341319,6.0,1.0,0.17986175913353297,0.7961642785565411,0.008194920415352481,34.0,1.0,-0.0028682221453733684,0.003960901833534414,-0.4468701712238123,66.0,1.0,-0.04468701712238123,0.0,0.0,1.0,1.0,-0.0,0
022100,포스코DX,00155212,2025,4,202504,834391536739.0,572559763845.0,261831772894.0,0.4573003368865465,0.37658563972920645,830451826757.0,-0.28082918088520936,-0.30151021193265504,38729324411.0,-0.5316664490992036,-0.5867073464063641,35119861366.0,-0.47524630285495784,-0.4916394481131543,13274154483.0,0.4199578266864692,1.8899567000907327,2961912928.0,0.6623666900081522,1.2210267083124458,834391536739.0,0.015908783704684425,0.003549787836506418,0,1,13274154483.0,0.015908783704684425,5868540539400.0,17237774400.0,72129,2026-03-31,True,passed,72129,1.0,0.0,4.0,2025.0,00155212,-0.025365506896972277,-0.025365506896972277,38.0,-0.5867073464063641,-0.16091830994320117,72.0,1.0,-0.16091830994320117,-0.30151021193265504,-0.46112759992562324,78.0,1.0,-0.11528189998140581,0.37658563972920645,-0.7269829259236081,61.0,1.0,0.25444402407326283,0.015908783704684425,-0.060155350760468865,48.0,0.6,-0.003609321045628132,0.0,0.0,1.0,0.6,-0.0,0
042700,한미반도체,00161383,2025,4,202504,813331626120.0,690327519537.0,123004106583.0,0.17818224408248765,0.1639727796154585,410453262426.0,0.1714125938188491,-1.570105496041904,183568130453.0,0.17606479646082707,-3.7527024678870378,148294300129.0,0.2982772054444329,0.8459041941419514,88360913617.0,0.039314751134645665,-4.072934680576493,48288157182.0,2.2013348874647187,-8.375844174245657,813331626120.0,0.1086406956022673,0.05937080968111217,0,0,88360913617.0,0.1086406956022673,19564387447500.0,253649318000.0,29271,2026-03-31,True,passed,29271,0.0,0.0,4.0,2025.0,00161383,-0.034207655517333346,-0.034207655517333346,39.0,-3.7527024678870378,-0.19115916080902584,83.0,1.0,-0.19115916080902584,-1.570105496041904,-2.0880331878111105,85.0,1.0,-0.5220082969527776,0.1639727796154585,-1.0995192043176947,82.0,1.0,0.3848317215111931,0.1086406956022673,2.94128080733277,2.0,1.0,0.294128080733277,0.0,0.0,1.0,1.0,-0.0,0
000270,기아,00106641,2025,4,202504,98979055000000.0,61190464000000.0,37788591000000.0,0.6175568631086046,0.48091690171076623,85454882000000.0,0.05592573726003236,-0.033834230512894914,7615897000000.0,-0.22174466237455492,-0.3410526487624024,6131714000000.0,-0.1832104894944674,-0.32814067812882197,424492000000.0,-0.8342506014141873,-8.723132934347221,1624157000000.0,-0.06886681037448117,-0.45765130944134236,98979055000000.0,0.004288705322555363,0.01640909786418955,0,0,424492000000.0,0.004288705322555363,65258078911200.0,263518962700.0,30121,2026-03-31,True,passed,30121,0.0,0.0,4.0,2025.0,00106641,-0.04119828960896669,-0.04119828960896669,40.0,-0.3410526487624024,-0.1585718732650341,65.0,1.0,-0.1585718732650341,-0.033834230512894914,-0.11784747318266704,54.0,1.0,-0.02946186829566676,0.48091690171076623,-0.5441756392995779,54.0,1.0,0.19046147375485226,0.004288705322555363,-0.43626021803118065,65.0,1.0,-0.043626021803118066,0.0,0.0,1.0,1.0,-0.0,0
373220,LG에너지솔루션,01515323,2025,4,202504,67147953000000.0,29321676000000.0,37826277000000.0,1.290044846004028,0.8285714007822683,17971886000000.0,-0.041077078107253806,0.2245841211563755,744811000000.0,4.8587486627650875,5.769971196520679,-455293000000.0,1.0443770907703014,2.227303920038594,1752971000000.0,-0.4491526142744422,-0.6401319381335344,2372085000000.0,-0.30749181179282836,0.4922731101457525,67147953000000.0,0.02610609738170276,0.03532624442028784,0,0,1752971000000.0,0.02610609738170276,92430000000000.0,136562103000.0,28202,2026-03-31,True,passed,28202,0.0,0.0,4.0,2025.0,01515323,-0.042563141379682756,-0.042563141379682756,41.0,5.769971196520679,-0.10020079129814981,8.0,1.0,-0.10020079129814981,0.2245841211563755,0.2135602386456917,13.0,1.0,0.05339005966142293,0.8285714007822683,0.06497807408242476,29.0,1.0,-0.022742325928848665,0.02610609738170276,0.26989916185892787,27.0,1.0,0.02698991618589279,0.0,0.0,1.0,1.0,-0.0,0
011070,LG이노텍,00105961,2025,4,202504,11930883000000.0,5763054000000.0,6167829000000.0,1.070236197682687,0.7276627059284975,16527172000000.0,0.06519050128334558,0.08576989765468035,461258000000.0,-0.19866646514237862,-0.08779048358082209,212873000000.0,-0.38167743809454646,-0.171113248701392,443986000000.0,-0.5821811584110338,-0.5345742228660032,200580000000.0,0.19411337468893985,0.8173935803607459,11930883000000.0,0.03721317190018543,0.01681183194906865,0,0,443986000000.0,0.03721317190018543,5739273447500.0,32515000000.0,262,2026-03-31,True,passed,262,0.0,0.0,4.0,2025.0,00105961,-0.04518690398439128,-0.04518690398439128,42.0,-0.08779048358082209,-0.15615277182193707,54.0,1.0,-0.15615277182193707,0.08576989765468035,0.03553842292416643,24.0,1.0,0.008884605731041608,0.7276627059284975,-0.1118322544100122,41.0,1.0,0.039141289043504265,0.03721317190018543,0.6293997306299992,18.0,1.0,0.06293997306299992,0.0,0.0,1.0,1.0,-0.0,0
032640,LG유플러스,00231363,2025,4,202504,19681792000000.0,9067527000000.0,10614265000000.0,1.1705799166630548,0.7749943745512666,11440907000000.0,0.05700735236306942,0.05401260156316101,730461000000.0,0.18369188985973195,0.35399565271146993,460119000000.0,1.5602704281779483,2.1807862049154165,902034000000.0,0.2175350838002399,0.050545771280058105,578964000000.0,0.014706268961202085,0.2816168820435996,19681792000000.0,0.045830887756562,0.02941622388855649,0,0,902034000000.0,0.045830887756562,7496617068370.0,19800452750.0,61220,2026-03-31,True,passed,61220,0.0,0.0,4.0,2025.0,00231363,-0.05228280930622915,-0.05228280930622915,43.0,0.35399565271146993,-0.1519329331457625,25.0,1.0,-0.1519329331457625,0.05401260156316101,-0.005188610444639124,27.0,1.0,-0.001297152611159781,0.7749943745512666,-0.028898589581482746,36.0,1.0,0.010114506353518961,0.045830887756562,0.9083277009717418,11.0,1.0,0.09083277009717418,0.0,0.0,1.0,1.0,-0.0,0
039440,에스티아이,00298340,2025,4,202504,366268498846.0,286972864255.0,79295634591.0,0.27631753544662335,0.24397900619491372,257802669755.0,-0.0537549256290466,-0.1321919490215533,17434729372.0,-0.30031276475195423,-0.4056599263045656,12915062105.0,-0.505612248999752,-0.6843235364064847,-12700876497.0,3.7604023693874034,4.496262040377349,3381421860.0,-0.08229910885987257,-0.4862863729968978,366268498846.0,-0.03467640962031018,0.009232084852106654,0,0,-12700876497.0,-0.03467640962031018,547718000000.0,4512656800.0,29271,2026-03-31,True,passed,29271,0.0,0.0,4.0,2025.0,00298340,-0.05416232524682055,-0.05416232524682055,44.0,-0.4056599263045656,-0.159188986990745,68.0,1.0,-0.159188986990745,-0.1321919490215533,-0.2439859854866617,70.0,1.0,-0.060996496371665425,0.24397900619491372,-0.959333789934395,74.0,1.0,0.3357668264770382,-0.03467640962031018,-1.6974366836144832,82.0,1.0,-0.16974366836144833,0.0,0.0,1.0,1.0,-0.0,0
280360,롯데웰푸드,01258507,2025,4,202504,4574000252553.0,2286729525823.0,2287270726730.0,1.0002366702755565,0.6932655086966735,3059170511993.0,0.03148891082752758,0.03621179842649125,40256442100.0,-0.5033610687002736,-0.34432999161044786,21446940178.0,-0.401097495332994,10.696543704703283,135439596819.0,1.1064348444341516,1.580865622770995,86826641648.0,0.010720740728022315,0.3269283223741315,4574000252553.0,0.029610754119089467,0.01898264907168234,0,0,135439596819.0,0.029610754119089467,1244420310600.0,1538601200.0,108,2026-03-31,True,passed,108,0.0,0.0,4.0,2025.0,01258507,-0.0670382696300573,-0.0670382696300573,45.0,-0.34432999161044786,-0.15860317768355056,66.0,1.0,-0.15860317768355056,0.03621179842649125,-0.02801718820672037,32.0,1.0,-0.007004297051680092,0.6932655086966735,-0.17210238029550892,45.0,1.0,0.060235833103428116,0.029610754119089467,0.38333372001745236,22.0,1.0,0.03833337200174524,0.0,0.0,1.0,1.0,-0.0,0
272210,한화시스템,00339391,2025,4,202504,10327265554498.0,5000999101579.0,5326266452919.0,1.0650404738599735,0.7251498261531104,2856413983603.0,0.31965602302736795,0.13831812287543643,97377730818.0,-0.40018618841577125,-2.3233395816473434,57348874200.0,-0.8688371937309745,-1.3169855165998854,265884290022.0,0.7226408130579032,1.1395921194792589,97572843947.0,-0.02819887879797478,-1.6409549422921794,10327265554498.0,0.025745855823974154,0.0094480812401016,0,0,265884290022.0,0.025745855823974154,19534264822600.0,240833352400.0,26299,2026-03-31,True,passed,26299,0.0,0.0,4.0,2025.0,00339391,-0.08526776490568494,-0.08526776490568494,46.0,-2.3233395816473434,-0.17750621814254955,79.0,1.0,-0.17750621814254955,0.13831812287543643,0.10292871068259928,19.0,1.0,0.02573217767064982,0.7251498261531104,-0.11623527537061462,42.0,1.0,0.040682346379715115,0.025745855823974154,0.2582392918649969,28.0,1.0,0.02582392918649969,0.0,0.0,1.0,1.0,-0.0,0
051910,LG화학,00356361,2025,4,202504,101061661000000.0,47105545000000.0,53956116000000.0,1.1454302460570194,0.763340113178682,34735997000000.0,-0.041652078731753805,0.09029040503406671,501185000000.0,0.19774066656788758,0.9469919114967873,-1424347000000.0,1.8617263015773835,,2543234000000.0,-0.3982949394233627,-0.639168524629803,24671552000000.0,-7.237755540368786,-7.29501837377759,101061661000000.0,0.025165171191872653,0.24412375331927308,0,0,2543234000000.0,0.025165171191872653,22907215303500.0,81340070000.0,20111,2026-03-31,True,passed,20111,0.0,0.0,4.0,2025.0,00356361,-0.09472876026511036,-0.09472876026511036,47.0,0.9469919114967873,-0.14626877046141448,16.0,1.0,-0.14626877046141448,0.09029040503406671,0.041335731811977104,23.0,1.0,0.010333932952994276,0.763340113178682,-0.04931896846567565,40.0,1.0,0.017261638962986475,0.025165171191872653,0.23944438280323363,29.0,1.0,0.023944438280323364,0.0,0.0,1.0,1.0,-0.0,0
006400,삼성SDI,00126362,2025,4,202504,42255338580919.0,23570113159830.0,18685225421089.0,0.7927507727427375,0.583751184818099,10214910044319.0,-0.19291713147454936,0.051925573326588315,-1131071980153.0,-5.846161001852961,-5.051368125700497,-590539660010.0,-2.711154188028079,-1.9502020267930467,332174443658.0,-0.11589920894127193,0.001484415502650882,669350654943.0,-0.7052579446653031,-1.1159978642055008,42255338580919.0,0.007861123702082891,0.015840617479876373,0,1,332174443658.0,0.007861123702082891,25752316485000.0,206094736000.0,28202,2026-03-31,True,passed,28202,1.0,0.0,4.0,2025.0,00126362,-0.09737097202667586,-0.09737097202667586,48.0,-5.051368125700497,-0.20356371387230973,86.0,1.0,-0.20356371387230973,0.051925573326588315,-0.007865112511678582,28.0,1.0,-0.0019662781279196455,0.583751184818099,-0.36399133107083753,51.0,1.0,0.12739696587479313,0.007861123702082891,-0.32063243168732697,60.0,0.6,-0.01923794590123962,0.0,0.0,1.0,0.6,-0.0,0
003570,SNT다이내믹스,00134477,2025,4,202504,1228607911035.0,866792976548.0,361814934487.0,0.417417935165934,0.348836860881011,560303426012.0,0.2431199249413074,-0.03905432861709013,65555534382.0,-0.2879726857311913,-2.797436446102674,44415332493.0,-0.4354766014319733,-1.6178539029785395,-40133505675.0,-3.9568796283468,-3.2132884479540293,12169464123.0,-0.46947049454541234,-25.598846178156094,1228607911035.0,-0.032665836931809154,0.009905083642793931,0,0,-40133505675.0,-0.032665836931809154,1828898335000.0,4807520600.0,303,2026-03-31,True,passed,303,0.0,0.0,4.0,2025.0,00134477,-0.10494492371323161,-0.10494492371323161,49.0,-2.797436446102674,-0.18203468139780676,82.0,1.0,-0.18203468139780676,-0.03905432861709013,-0.12454196975017459,55.0,1.0,-0.031135492437543648,0.348836860881011,-0.7756038174188674,65.0,1.0,0.27146133609660356,-0.032665836931809154,-1.6323608597448473,81.0,1.0,-0.16323608597448475,0.0,0.0,1.0,1.0,-0.0,0
007070,GS리테일,00140177,2025,4,202504,7483097413933.0,3276094767814.0,4207002646119.0,1.2841516940995439,0.825994705568856,8752003373270.0,0.020974071799792826,0.015121295343707652,180970440879.0,0.14201897653771378,0.5489389817591279,-40051719946.0,-1.5496009149353451,0.9146020747769588,311155317493.0,0.15026474512754384,-0.7392774716112345,49508285297.0,-0.5212078901728625,-0.6281409688215758,7483097413933.0,0.04158108605049705,0.006616015074829717,0,0,311155317493.0,0.04158108605049705,1856084613000.0,1639243680.0,47122,2026-03-31,True,passed,47122,0.0,0.0,4.0,2025.0,00140177,-0.10792165242185434,-0.10792165242185434,50.0,0.5489389817591279,-0.15007087969501035,21.0,1.0,-0.15007087969501035,0.015121295343707652,-0.055064630165949514,39.0,1.0,-0.013766157541487379,0.825994705568856,0.060463236904434094,30.0,1.0,-0.021162132916551932,0.04158108605049705,0.7707751773119533,14.0,1.0,0.07707751773119534,0.0,0.0,1.0,1.0,-0.0,0
499790,GS피앤엘,01882845,2025,4,202504,2458495051224.0,1258600788881.0,1199894262343.0,0.953355720847597,0.6695487760399094,359720651475.0,8.386902611304208,,58093327759.0,-1521.739198664779,,17160237758.0,-16.091881512219345,,32927158494.0,-8.119475521212841,,37638212179.0,1.7063819759311754,,2458495051224.0,0.013393217317076437,0.015309452081370361,0,0,32927158494.0,0.013393217317076437,1281072328600.0,11137296100.0,64992,2026-03-31,True,passed,64992,0.0,0.0,4.0,2025.0,01882845,-0.11043316156698037,-0.11043316156698037,51.0,,-0.15507689432388708,41.0,1.0,-0.15507689432388708,,-0.0639163392839391,42.0,1.0,-0.015979084820984774,0.6695487760399094,-0.21365839583893131,47.0,1.0,0.07478043854362595,0.013393217317076437,-0.14157620965734458,50.0,1.0,-0.014157620965734459,0.0,0.0,1.0,1.0,-0.0,0
007340,DN오토모티브,00116949,2025,4,202504,5275680667000.0,2449662359000.0,2826018308000.0,1.1536358460247704,0.7671575050292163,2756969914000.0,0.06612157124266105,0.018291720480048568,409221365000.0,0.04134361459544067,-0.02121458081977523,246504796000.0,-0.04095056674326669,-0.17058730221629215,146323697000.0,1.2430059338254074,1.6261714430146053,49810874000.0,-0.3332187722083769,-1.2817957882717894,5275680667000.0,0.02773551058828709,0.00944160140540212,0,0,146323697000.0,0.02773551058828709,1937360372000.0,2794141200.0,28202,2026-03-31,True,passed,28202,0.0,0.0,4.0,2025.0,00116949,-0.12108215765892186,-0.12108215765892186,52.0,-0.02121458081977523,-0.1555168542448712,49.0,1.0,-0.1555168542448712,0.018291720480048568,-0.050998729531684314,38.0,1.0,-0.012749682382921079,0.7671575050292163,-0.04263020583669293,38.0,1.0,0.014920572042842523,0.02773551058828709,0.32263806926027877,24.0,1.0,0.03226380692602788,0.0,0.0,1.0,1.0,-0.0,0
003030,세아제강지주,00124197,2025,4,202504,6046779971967.0,2733117514567.0,3313662457400.0,1.212411262866966,0.7940829899168608,2836453215700.0,0.007597048497806069,0.060190168997032334,166039505186.0,-0.13621662852671335,0.4523331788113595,81639319812.0,-0.2534377931598275,0.40232880986917485,163237158005.0,0.09686457512187752,0.40518656872371117,150141419985.0,-0.22879444576673125,-0.3479622606648196,6046779971967.0,0.026995716523797942,0.02482997904356679,0,0,163237158005.0,0.026995716523797942,563265352000.0,6044983000.0,64992,2026-03-31,True,passed,64992,0.0,0.0,4.0,2025.0,00124197,-0.12203270291700014,-0.12203270291700014,53.0,0.4523331788113595,-0.15099363591149825,22.0,1.0,-0.15099363591149825,0.060190168997032334,0.0027337893179940386,25.0,1.0,0.0006834473294985096,0.7940829899168608,0.004548125373530439,35.0,1.0,-0.0015918438807356536,0.026995716523797942,0.2986932954573527,26.0,1.0,0.02986932954573527,0.0,0.0,1.0,1.0,-0.0,0
011170,롯데케미칼,00165413,2025,4,202504,31117333049679.0,17628428467279.0,13488904582400.0,0.7651790746655281,0.5682521439726811,13696947117394.0,-0.10067176790407728,-0.10724476435667418,-810560985713.0,0.6869221619835906,0.40827524005547766,-2312605926900.0,0.7629512322340779,-16.45185927023283,-9140147802.0,-1.04271180791678,3.1160788345995263,379495641645.0,-0.06671502748729496,0.5773428129303426,31117333049679.0,-0.00029373172139809353,0.01219563517988939,0,0,-9140147802.0,-0.00029373172139809353,3434866145700.0,15100507200.0,20111,2026-03-31,True,passed,20111,0.0,0.0,4.0,2025.0,00165413,-0.12596855345837268,-0.12596855345837268,54.0,0.40827524005547766,-0.15141446712072298,24.0,1.0,-0.15141446712072298,-0.10724476435667418,-0.21199255571303524,67.0,1.0,-0.05299813892825881,0.5682521439726811,-0.39114846066375514,52.0,1.0,0.1369019612323143,-0.00029373172139809353,-0.5845790864170518,70.0,1.0,-0.058457908641705185,0.0,0.0,1.0,1.0,-0.0,0
030000,제일기획,00148276,2025,4,202504,3587816549320.0,1588049835355.0,1999766713965.0,1.259259419599992,0.8150370691394679,3357971584765.0,0.026363202440126576,-0.04283826743568642,241001174155.0,0.07040671369904872,0.018731501287616803,143711915583.0,,,137927886826.0,-0.2655000467660138,-9.209363668364668,34719405466.0,4.457190024023569,4.515453359725451,3587816549320.0,0.03844340560058499,0.009677029187175243,0,0,137927886826.0,0.03844340560058499,2553915195000.0,5243289300.0,71310,2026-03-31,True,passed,71310,0.0,0.0,4.0,2025.0,00148276,-0.13500433359284686,-0.13500433359284686,55.0,0.018731501287616803,-0.15513529853637129,47.0,1.0,-0.15513529853637129,-0.04283826743568642,-0.1293946688617858,58.0,1.0,-0.03234866721544645,0.8150370691394679,0.04126347122132458,31.0,1.0,-0.014442214927463603,0.03844340560058499,0.669218470864345,16.0,1.0,0.0669218470864345,0.0,0.0,1.0,1.0,-0.0,0
023530,롯데쇼핑,00120526,2025,4,202504,37910298847681.0,16866196238190.0,21044102609491.0,1.2477088676248766,0.8099114163603447,10328292125862.0,-0.00863233355845261,0.028210264006321872,416526790941.0,0.309310180638678,0.44098399331295424,122300723633.0,-1.1222296791952853,9.195640590252374,741137148323.0,0.47722070845634845,0.53739695296646,198002520578.0,-0.05967989137119367,1.0817227882582658,37910298847681.0,0.019549757476215093,0.00522292164916848,0,0,741137148323.0,0.019549757476215093,3205115941500.0,7282656000.0,47111,2026-03-31,True,passed,47111,0.0,0.0,4.0,2025.0,00120526,-0.1662014266087637,-0.1662014266087637,56.0,0.44098399331295424,-0.15110204069828306,23.0,1.0,-0.15110204069828306,0.028210264006321872,-0.03827872805547686,35.0,1.0,-0.009569682013869214,0.8099114163603447,0.032282398253051146,33.0,1.0,-0.0112988393885679,0.019549757476215093,0.05769135491956475,39.0,1.0,0.0057691354919564754,0.0,0.0,1.0,1.0,-0.0,0
004690,삼천리,00128555,2025,4,202504,4459314886311.0,1882344303995.0,2576970582316.0,1.3690219036160163,0.8624771710672171,4360612751591.0,0.047301611747255556,0.16330614664602006,136853484996.0,0.6413974114970036,1.0446097901386122,115295361133.0,0.1980576057715493,0.3615063952331665,52748478225.0,-1.7950464448602688,1.2037540352424139,31382409999.0,-0.5662531248046201,-1.833105271485409,4459314886311.0,0.01182883011624159,0.007037495848372646,0,0,52748478225.0,0.01182883011624159,628934377500.0,2814675600.0,35200,2026-03-31,True,passed,35200,0.0,0.0,4.0,2025.0,00128555,-0.1743492575970157,-0.1743492575970157,57.0,1.0446097901386122,-0.14533634713270607,15.0,1.0,-0.14533634713270607,0.16330614664602006,0.13497451442458835,18.0,1.0,0.03374362860614709,0.8624771710672171,0.12438713085952646,28.0,1.0,-0.04353549580083426,0.01182883011624159,-0.19221043269622456,53.0,1.0,-0.019221043269622456,0.0,0.0,1.0,1.0,-0.0,0
002380,케이씨씨,00105271,2025,4,202504,16803559405446.0,7824485732406.0,8979073673040.0,1.1475608723845123,0.7643327201716371,4860986955367.0,-0.03255368786384594,-0.09354479015496397,310351562363.0,-0.10248463448545919,-0.6454952260771015,1212157811404.0,2.611889119993442,-0.5178539266587943,377876142277.0,1.7168554975672805,2.2912311323559185,114486520557.0,0.6769839627708849,0.6940126450578186,16803559405446.0,0.022487863027075745,0.006813230327849178,0,0,377876142277.0,0.022487863027075745,5003083173000.0,18954324000.0,20411,2026-03-31,True,passed,20411,0.0,0.0,4.0,2025.0,00105271,-0.17815385082780769,-0.17815385082780769,58.0,-0.6454952260771015,-0.16147983813058808,73.0,1.0,-0.16147983813058808,-0.09354479015496397,-0.19442307168464446,65.0,1.0,-0.048605767921161114,0.7643327201716371,-0.047579741050807096,39.0,1.0,0.016652909367782482,0.022487863027075745,0.15278845856159023,34.0,1.0,0.015278845856159025,0.0,0.0,1.0,1.0,-0.0,0
103140,풍산,00684714,2025,4,202504,4329189509985.0,2298131546597.0,2031057963388.0,0.8837866424119741,0.633283922613829,3874419366998.0,0.13115972122098607,0.0589422060756668,254844813546.0,0.021775748231880554,-0.2459961151730803,114586278538.0,-0.3919428733857583,-0.7782503634535306,-81205326618.0,-2.1858012254735923,-1.3421355111586981,50286759811.0,-0.26009956073796514,-1.685168152483775,4329189509985.0,-0.018757628057331537,0.011615744631880122,0,0,-81205326618.0,-0.018757628057331537,3079868152200.0,36246357500.0,242,2026-03-31,True,passed,242,0.0,0.0,4.0,2025.0,00684714,-0.17857988230067412,-0.17857988230067412,59.0,-0.2459961151730803,-0.15766391531001597,61.0,1.0,-0.15766391531001597,0.0589422060756668,0.0011333436315913202,26.0,1.0,0.00028333590789783006,0.633283922613829,-0.27720099398953785,49.0,1.0,0.09702034789633825,-0.018757628057331537,-1.1821965079489423,79.0,1.0,-0.11821965079489423,0.0,0.0,1.0,1.0,-0.0,0
103590,일진전기,00683469,2025,4,202504,1525996520000.0,588671403000.0,937325117000.0,1.592272212006874,0.9525347930401877,1594398520000.0,0.27973706837902457,-0.016437888845313164,115890278000.0,0.7811169984147184,0.33253637752007825,76303463000.0,,,71456493000.0,-0.35348091993665776,-1.617961334188878,9057808000.0,-0.6270423869070294,-1.7587776350196136,1525996520000.0,0.04682611792587836,0.005935667533501322,0,0,71456493000.0,0.04682611792587836,3409505385000.0,17047836600.0,2830,2026-03-31,True,passed,2830,0.0,0.0,4.0,2025.0,00683469,-0.18073283772188392,-0.18073283772188392,60.0,0.33253637752007825,-0.15213790716367825,26.0,1.0,-0.15213790716367825,-0.016437888845313164,-0.09553759561787188,51.0,1.0,-0.02388439890446797,0.9525347930401877,0.28218441232633373,25.0,1.0,-0.0987645443142168,0.04682611792587836,0.9405401266047912,10.0,1.0,0.09405401266047914,0.0,0.0,1.0,1.0,-0.0,0
298040,효성중공업,01316245,2025,4,202504,7227883006296.0,2489720957283.0,4738162049013.0,1.903089595302959,1.0657755475710486,4344375181552.0,0.15856336030347284,0.008720817469718423,527159296623.0,1.0997727717825554,0.5622582165766492,351071305235.0,1.3325056488750233,0.33916538143427255,440296306488.0,-0.04835820512558908,-0.8280807308554103,54176622848.0,0.6286785706597893,-1.524045075888769,7227883006296.0,0.060916357681007095,0.007495503565955386,0,0,440296306488.0,0.060916357681007095,22229722432000.0,111382315000.0,281,2026-03-31,True,passed,281,0.0,0.0,4.0,2025.0,01316245,-0.19431321971204119,-0.19431321971204119,61.0,0.5622582165766492,-0.14994365745419552,20.0,1.0,-0.14994365745419552,0.008720817469718423,-0.06327290064335557,40.0,1.0,-0.015818225160838893,1.0657755475710486,0.4806027452197229,22.0,1.0,-0.168210960826903,0.060916357681007095,1.3965962372989627,7.0,1.0,0.13965962372989627,0.0,0.0,1.0,1.0,-0.0,0
456040,OCI,01760738,2025,4,202504,2275774798000.0,1164784174000.0,1110990624000.0,0.9538167231314048,0.6697847534852649,1533051002000.0,-0.05749555484841995,,10786325000.0,-0.8837353451233739,,-16256333000.0,-1.2146350596785074,,-30138608000.0,-1.5793819877122668,,23899499000.0,0.012848485454640013,,2275774798000.0,-0.013243229526263521,0.010501697716752727,0,0,-30138608000.0,-0.013243229526263521,774390817500.0,3921177600.0,20129,2026-03-31,True,passed,20129,0.0,0.0,4.0,2025.0,01760738,-0.19679155887852368,-0.19679155887852368,62.0,,-0.15507689432388708,41.0,1.0,-0.15507689432388708,,-0.0639163392839391,42.0,1.0,-0.015979084820984774,0.6697847534852649,-0.21324492057111044,46.0,1.0,0.07463572219988865,-0.013243229526263521,-1.0037130193354047,77.0,1.0,-0.10037130193354048,0.0,0.0,1.0,1.0,-0.0,0
377300,카카오페이,01244601,2025,4,202504,5339580904646.0,1950906550511.0,3388674354135.0,1.7369742047600416,1.006853005374028,720021032732.0,0.24136037473117988,0.29875122169219304,34565884687.0,-1.6913327609918594,-1.7536947113846209,36541997837.0,5.098780530969341,6.505663742180761,88832120644.0,-3.176142272439776,2.514581952763846,6934038557.0,0.7792345226328492,1.3589302982657339,5339580904646.0,0.016636534258092552,0.0012986110110189833,0,0,88832120644.0,0.016636534258092552,8414671312500.0,15710391600.0,66199,2026-03-31,True,passed,66199,0.0,0.0,4.0,2025.0,01244601,-0.2306321657790143,-0.2306321657790143,63.0,-1.7536947113846209,-0.17206510250367246,77.0,1.0,-0.17206510250367246,0.29875122169219304,0.3086755774857776,12.0,1.0,0.0771688943714444,1.006853005374028,0.3773597684221158,23.0,1.0,-0.13207591894774054,0.016636534258092552,-0.03660038699045677,45.0,1.0,-0.0036600386990456773,0.0,0.0,1.0,1.0,-0.0,0
214320,이노션,00565154,2025,4,202504,2781638255062.0,1093334133590.0,1688304121472.0,1.5441794686573955,0.9338081888455283,1654513378757.0,0.028571701795501614,0.020333434471596634,111472913915.0,0.015540202421846283,0.010176976196198506,75443822690.0,-0.0961166414520882,-0.23194982381250262,66958621256.0,-7.188686787402471,-6.041117465115493,6065147359.0,-0.9853710926541098,19.28523709849121,2781638255062.0,0.024071649551896012,0.0021804227591286176,0,0,66958621256.0,0.024071649551896012,814000000000.0,1828373880.0,71310,2026-03-31,True,passed,71310,0.0,0.0,4.0,2025.0,00565154,-0.2341872392340455,-0.2341872392340455,64.0,0.010176976196198506,-0.1552170093753307,48.0,1.0,-0.1552170093753307,0.020333434471596634,-0.04838034055978626,36.0,1.0,-0.012095085139946565,0.9338081888455283,0.249372006576723,26.0,1.0,-0.08728020230185304,0.024071649551896012,0.20405057583084812,32.0,1.0,0.020405057583084814,0.0,0.0,1.0,1.0,-0.0,0
100790,미래에셋벤처투자,00340096,2025,4,202504,1100137937076.0,378332006272.0,721805930804.0,1.9078637779460326,1.0674187146765506,218074856782.0,-0.07726809056373407,-0.29798969745711756,25309314031.0,0.3302798952592372,0.7494170636406072,23691033448.0,,,81491074845.0,0.28260467843035175,-9.361138833634216,225268040.0,-51.22609184228598,,1100137937076.0,0.07407350669279794,0.00020476345048033552,0,0,81491074845.0,0.07407350669279794,1253741362400.0,18665130000.0,649,2026-03-31,True,passed,649,0.0,0.0,4.0,2025.0,00340096,-0.24928267911062058,-0.24928267911062058,65.0,0.7494170636406072,-0.1481559595692936,18.0,1.0,-0.1481559595692936,-0.29798969745711756,-0.4566127284420001,77.0,1.0,-0.11415318211050003,1.0674187146765506,0.4834818719006574,21.0,1.0,-0.16921865516523008,0.07407350669279794,1.8224511773440315,4.0,1.0,0.18224511773440316,0.0,0.0,1.0,1.0,-0.0,0
066570,LG전자,00401731,2025,4,202504,68620167000000.0,28552025000000.0,40068142000000.0,1.4033380119273502,0.8768586093372623,67327108000000.0,0.027082332979597945,-0.004930220858126999,1789474000000.0,-0.32923106910388544,-0.374435726342092,759338000000.0,0.5152485078751863,0.7620633373857139,610150000000.0,-0.642944085915793,-0.7552886502989945,1197347000000.0,0.10179189437641645,0.029595302588328654,68620167000000.0,0.008891700890206227,0.01744890827794109,0,0,610150000000.0,0.008891700890206227,21193722063200.0,82913383800.0,264,2026-03-31,True,passed,264,0.0,0.0,4.0,2025.0,00401731,-0.26016834735688144,-0.26016834735688144,66.0,-0.374435726342092,-0.1588907406769515,67.0,1.0,-0.1588907406769515,-0.004930220858126999,-0.08077962703135787,50.0,1.0,-0.020194906757839467,0.8768586093372623,0.14958601811503217,27.0,1.0,-0.052355106340261255,0.008891700890206227,-0.28727593581829197,58.0,1.0,-0.0287275935818292,0.0,0.0,1.0,1.0,-0.0,0
028050,삼성E&A,00126308,2025,4,202504,10039557572475.0,4446187475181.0,5593370097294.0,1.258014901197188,0.814486064995858,7033160016889.0,-0.08057480358136881,-0.019534067717049353,615531989285.0,-0.1981973597853195,-0.11244889533267255,490935958999.0,0.021876762376743075,0.13172276231525348,-260934308467.0,-1.216023108723967,6.359293578826277,33888391377.0,0.4043980592846692,-0.9996992408293837,10039557572475.0,-0.025990618270111003,0.003375486532385677,0,0,-260934308467.0,-0.025990618270111003,6644400000000.0,36984460000.0,72129,2026-03-31,True,passed,72129,0.0,0.0,4.0,2025.0,00126308,-0.33700020999037084,-0.33700020999037084,67.0,-0.11244889533267255,-0.1563883032500547,57.0,1.0,-0.1563883032500547,-0.019534067717049353,-0.09950827938961353,52.0,1.0,-0.024877069847403382,0.814486064995858,0.040298012062690604,32.0,1.0,-0.01410430422194171,-0.025990618270111003,-1.4163053267097108,80.0,1.0,-0.1416305326709711,0.0,0.0,1.0,1.0,-0.0,0
042660,한화오션,00111704,2025,4,202504,20140914014349.0,6175006995811.0,13965907018538.0,2.2616827848150116,1.1822432538585768,9760154415189.0,0.20900285795774964,-0.2610750277960501,877830931478.0,3.1349609838332446,4.9193994765716,976534368444.0,0.6192992029542619,10.046414002883804,806943016400.0,-4.168136597317637,-3.7277938144932374,319456331915.0,1.5642154401754191,0.24315225601694745,20140914014349.0,0.04006486576652426,0.015861064283746486,0,0,806943016400.0,0.04006486576652426,39772458541200.0,162643086700.0,3111,2026-03-31,True,passed,3111,0.0,0.0,4.0,2025.0,00111704,-0.3781095174254782,-0.3781095174254782,68.0,4.9193994765716,-0.10832525502809971,9.0,1.0,-0.10832525502809971,-0.2610750277960501,-0.40927163936589916,76.0,1.0,-0.10231790984147479,1.1822432538585768,0.684675282648731,18.0,1.0,-0.23963634892705585,0.04006486576652426,0.7216999637115213,15.0,1.0,0.07216999637115214,0.0,0.0,1.0,1.0,-0.0,0
298020,효성티앤씨,01316227,2025,4,202504,5739089251365.0,1956911565949.0,3782177685416.0,1.9327279531826167,1.0759330319200164,5685042234882.0,-0.026497784776277733,-0.07732003515385388,195444350050.0,-0.03779398007994239,-0.2851677970824952,22534247152.0,,,95111283720.0,-0.609897109925277,-2.2638817025485456,64924683505.0,-0.28529799430294556,-1.4781245287831668,5739089251365.0,0.016572539571044043,0.011312715425981246,0,0,95111283720.0,0.016572539571044043,1748383528000.0,5850697000.0,2050,2026-03-31,True,passed,2050,0.0,0.0,4.0,2025.0,01316227,-0.3797493408350605,-0.3797493408350605,69.0,-0.2851677970824952,-0.15803807412749138,63.0,1.0,-0.15803807412749138,-0.07732003515385388,-0.17361569134512725,63.0,1.0,-0.04340392283628181,1.0759330319200164,0.4984004993874915,20.0,1.0,-0.17444017478562202,0.016572539571044043,-0.03867169085665328,46.0,1.0,-0.003867169085665328,0.0,0.0,1.0,1.0,-0.0,0
005300,롯데칠성음료,00120571,2025,4,202504,4284698593709.0,1600295935394.0,2684402658315.0,1.6774414025203959,0.9848616379538394,2891973970360.0,-0.02280434545840604,-0.258841441427781,75353184622.0,-0.29050918840138185,-0.13065254644180535,-10780717533.0,-1.6942441381427285,-0.8515348775110185,52529892025.0,0.152597866718176,0.532342472539989,37158862429.0,-0.6202108311029564,-0.8055062737564584,4284698593709.0,0.012259880333736171,0.008672456560552107,0,0,52529892025.0,0.012259880333736171,1413619676400.0,2532667500.0,11209,2026-03-31,True,passed,11209,0.0,0.0,4.0,2025.0,00120571,-0.39457926456937353,-0.39457926456937353,70.0,-0.13065254644180535,-0.15656218030206587,58.0,1.0,-0.15656218030206587,-0.258841441427781,-0.4064071843351418,75.0,1.0,-0.10160179608378545,0.9848616379538394,0.33882690558808487,24.0,1.0,-0.1185894169558297,0.012259880333736171,-0.17825871227692502,52.0,1.0,-0.017825871227692504,0.0,0.0,1.0,1.0,-0.0,0
034220,LG디스플레이,00105873,2025,4,202504,26916700000000.0,7839238000000.0,19077462000000.0,2.433586274584341,1.2336052760628478,18853104000000.0,-0.04753661782942209,-0.24387445695118615,85940000000.0,-1.1790427856840773,-0.4387696162826864,302560000000.0,-1.1460801316343439,-1.2958921317609169,1489151000000.0,0.09522569731737374,-1.5863568934739218,463056000000.0,0.04076004504170405,0.541062163238429,26916700000000.0,0.05532442684281506,0.017203297581055627,0,0,1489151000000.0,0.05532442684281506,5800000000000.0,46078647840.0,2621,2026-03-31,True,passed,2621,0.0,0.0,4.0,2025.0,00105873,-0.4058829225797285,-0.4058829225797285,71.0,-0.4387696162826864,-0.15950524306772018,69.0,1.0,-0.15950524306772018,-0.24387445695118615,-0.38721282740840535,74.0,1.0,-0.09680320685210134,1.2336052760628478,0.7746708576696246,17.0,1.0,-0.2711348001843686,0.05532442684281506,1.2156032752446162,8.0,1.0,0.12156032752446162,0.0,0.0,1.0,1.0,-0.0,0
071320,지역난방공사,00159698,2025,4,202504,8228997000000.0,2301416000000.0,5927581000000.0,2.575623442263372,1.2741395503861992,3239987000000.0,0.08533966407380111,0.19325758811566585,440251000000.0,0.4720353786636817,0.6391665635406601,289865000000.0,0.6352406827305332,0.9134358358840003,-90974000000.0,0.16163454231061025,-0.11559280141584716,74549000000.0,-0.5971733371708234,-0.5740735247704221,8228997000000.0,-0.011055296289450586,0.009059305769585285,0,0,-90974000000.0,-0.011055296289450586,1059455076000.0,3293012400.0,35300,2026-03-31,True,passed,35300,0.0,0.0,4.0,2025.0,00159698,-0.49514528719125256,-0.49514528719125256,72.0,0.6391665635406601,-0.14920904676730729,19.0,1.0,-0.14920904676730729,0.19325758811566585,0.17338563584571723,16.0,1.0,0.04334640896142931,1.2741395503861992,0.8456942552935857,16.0,1.0,-0.295992989352755,-0.011055296289450586,-0.9328966003261955,75.0,1.0,-0.09328966003261956,0.0,0.0,1.0,1.0,-0.0,0
008770,호텔신라,00165680,2025,4,202504,3541423621707.0,1106221783430.0,2435201838277.0,2.201368545398108,1.1635783888176539,3042615376292.0,0.03796692825070669,-0.10856574167323951,2072236426.0,-0.8244182963057065,0.03422065253492579,-23689508821.0,-0.3792970098774857,1.0482365497747708,-20513045267.0,-1.5242574536004296,-1.1954692251258314,9327513785.0,-0.620158689701535,-1.4749312188661892,3541423621707.0,-0.0057923161581874,0.002633831696334608,0,0,-20513045267.0,-0.0057923161581874,1915308304800.0,9161714700.0,47859,2026-03-31,True,passed,47859,0.0,0.0,4.0,2025.0,00165680,-0.5128539509774268,-0.5128539509774268,73.0,0.03422065253492579,-0.154987349757256,39.0,1.0,-0.154987349757256,-0.10856574167323951,-0.21368663845534902,68.0,1.0,-0.053421659613837255,1.1635783888176539,0.651971055089997,19.0,1.0,-0.22818986928149892,-0.0057923161581874,-0.7625507232483458,72.0,1.0,-0.07625507232483458,0.0,0.0,1.0,1.0,-0.0,0
001720,신영증권,00136721,2025,4,202504,10379574597460.0,1832693975299.0,8546880622161.0,4.663561258647448,1.7340528919941396,1761279759115.0,-0.1679361177279346,,99124256154.0,-0.35032489304531056,,86642283831.0,-0.3789120407804466,,863113637907.0,12.621904927303524,,1413349984.0,1.260277261810713,,10379574597460.0,0.08315501081501102,0.00013616646527554827,0,0,863113637907.0,0.08315501081501102,3740100000000.0,6794982000.0,66121,2026-03-31,True,passed,66121,0.0,0.0,4.0,2025.0,00136721,-0.5374579645215596,-0.5374579645215596,74.0,,-0.15507689432388708,41.0,1.0,-0.15507689432388708,,-0.0639163392839391,42.0,1.0,-0.015979084820984774,1.7340528919941396,1.6515458137305796,8.0,1.0,-0.5780410348057028,0.08315501081501102,2.1163904942901497,3.0,1.0,0.21163904942901499,0.0,0.0,1.0,1.0,-0.0,0
005090,SGC에너지,00125150,2025,4,202504,3334276750783.0,759237085895.0,2575039664888.0,3.391614704717045,1.4796969737463304,1861744562204.0,0.026570723659354423,0.21095821382234037,70389639807.0,-0.5159791744972586,-2.602479114257487,-76342677397.0,-4.097538961081446,-1.8455421998141164,48430004850.0,-2.266767275707835,-10.803199361645955,4462738070.0,-0.5452872444946849,0.021381300667947745,3334276750783.0,0.014524890544441763,0.0013384426079664801,0,0,48430004850.0,0.014524890544441763,571330053450.0,19359735300.0,351,2026-03-31,True,passed,351,0.0,0.0,4.0,2025.0,00125150,-0.5636996598552317,-0.5636996598552317,75.0,-2.602479114257487,-0.18017249419558135,81.0,1.0,-0.18017249419558135,0.21095821382234037,0.1960857414128591,15.0,1.0,0.04902143535321477,1.4796969737463304,1.2058681293193239,12.0,1.0,-0.4220538452617633,0.014524890544441763,-0.10494755751101807,49.0,1.0,-0.010494755751101807,0.0,0.0,1.0,1.0,-0.0,0
010140,삼성중공업,00126478,2025,4,202504,14948871093928.0,4095039935055.0,10853831158873.0,2.6504823716028603,1.2948593154660089,8015191892905.0,0.05739622054895599,-0.20933541397862032,624128418429.0,0.6303045050749088,-0.8008137266123234,395496196370.0,-23.559556112216548,-22.65127735862895,-75484301819.0,-1.109424293528295,11.040102599197157,55695833837.0,-0.14907237872736834,-0.7887615946743064,14948871093928.0,-0.005049498476822143,0.003725755174892289,0,0,-75484301819.0,-0.005049498476822143,24376000000000.0,325008742800.0,3111,2026-03-31,True,passed,3111,0.0,0.0,4.0,2025.0,00126478,-0.6312434650911796,-0.6312434650911796,76.0,-0.8008137266123234,-0.16296340441264615,75.0,1.0,-0.16296340441264615,-0.20933541397862032,-0.3429183524752594,72.0,1.0,-0.08572958811881486,1.2948593154660089,0.8819990402812034,14.0,1.0,-0.30869966409842114,-0.005049498476822143,-0.7385080846129747,71.0,1.0,-0.07385080846129748,0.0,0.0,1.0,1.0,-0.0,0
000810,삼성화재해상보험,00139214,2025,4,202504,96450389944868.0,21292379956314.0,75158009988554.0,3.529807853455423,1.510679522139583,3853835082181.0,0.12217695502386094,-0.09667635275537911,1995079405586.0,-3.780748740021239,-2.4763893975355655,1481791295472.0,-0.02657116491092515,-0.12006266576019942,1706715646717.0,2.2649676115458477,1.7432892788102463,40907750814.0,0.3070851518904256,0.4547678038199564,96450389944868.0,0.017695269533825376,0.00042413256014188516,0,1,1706715646717.0,0.017695269533825376,26482533883000.0,52042356000.0,65121,2026-03-31,True,passed,65121,1.0,0.0,4.0,2025.0,00139214,-0.6697721579664074,-0.6697721579664074,77.0,-2.4763893975355655,-0.17896811447521133,80.0,1.0,-0.17896811447521133,-0.09667635275537911,-0.1984391331955509,66.0,1.0,-0.049609783298887725,1.510679522139583,1.2601551713515509,11.0,1.0,-0.4410543099730428,0.017695269533825376,-0.002332503654427531,43.0,0.6,-0.00013995021926565185,0.0,0.0,1.0,0.6,-0.0,0
298050,HS효성첨단소재,01316254,2025,4,202504,3903414776514.0,826502232236.0,3076912544278.0,3.7228121404509604,1.5524044146520195,2482047848968.0,0.00010871307661863838,-0.02583580804019281,138117042761.0,-0.212965867565444,-0.49654430024783913,19127201059.0,-0.7479864553197669,-1.4541948315116486,26963731746.0,-0.7475335082820789,-0.5998083366739007,34768611325.0,-0.6761031144065461,-0.7675961404910951,3903414776514.0,0.006907729075637805,0.00890722951970034,0,0,26963731746.0,0.006907729075637805,1151346636000.0,2654586000.0,205,2026-03-31,True,passed,205,0.0,0.0,4.0,2025.0,01316254,-0.6887463136979499,-0.6887463136979499,78.0,-0.49654430024783913,-0.1600570934447963,70.0,1.0,-0.1600570934447963,-0.02583580804019281,-0.10758992424006251,53.0,1.0,-0.02689748106001563,1.5524044146520195,1.333264747906141,10.0,1.0,-0.4666426617671493,0.006907729075637805,-0.3514907742598871,62.0,1.0,-0.03514907742598871,0.0,0.0,1.0,1.0,-0.0,0
029780,삼성카드,00126292,2025,4,202504,32174782000000.0,8863284000000.0,23311498000000.0,2.6301197163489287,1.2892656274433894,161181000000.0,-0.9539475333003085,-1.1275389841128303,834208000000.0,0.2609289782190183,0.19932723749688974,484233000000.0,-0.023512788566059206,-0.07864433880355459,213514000000.0,-1.2031337259213002,-4.5755435396117345,8826000000.0,-0.08001175375565794,0.36907541679551525,32174782000000.0,0.006636066718338604,0.00027431421291370365,0,0,213514000000.0,0.006636066718338604,7218008909300.0,6165016500.0,64913,2026-03-31,True,passed,64913,0.0,0.0,4.0,2025.0,00126292,-0.8748242393051856,-0.8748242393051856,79.0,0.19932723749688974,-0.15341028996366252,33.0,1.0,-0.15341028996366252,-1.1275389841128303,-1.5204653115250488,83.0,1.0,-0.3801163278812622,1.2892656274433894,0.8721978847098546,15.0,1.0,-0.3052692596484491,0.006636066718338604,-0.360283618118118,63.0,1.0,-0.0360283618118118,0.0,0.0,1.0,1.0,-0.0,0
005830,DB손해보험,00159102,2025,4,202504,74022307000000.0,10935289000000.0,63087018000000.0,5.76912215122984,1.9123714110468875,4952763000000.0,-0.04652559515013133,-0.6896577875455656,1942643000000.0,,,1462474000000.0,0.06043606291619796,0.0233104885887645,980894000000.0,0.44670407537365353,0.978479479970205,25877000000.0,-0.26242740086224725,-1.1339555760952602,74022307000000.0,0.013251329764688366,0.0003495838085673282,0,0,980894000000.0,0.013251329764688366,12892680000000.0,35386243200.0,65121,2026-03-31,True,passed,65121,0.0,0.0,4.0,2025.0,00159102,-1.0968175515337155,-1.0968175515337155,80.0,,-0.15507689432388708,41.0,1.0,-0.15507689432388708,-0.6896577875455656,-0.95890610154779,81.0,1.0,-0.2397265253869475,1.9123714110468875,1.9639921888986462,7.0,1.0,-0.6873972661145261,0.013251329764688366,-0.14616865708354723,51.0,1.0,-0.014616865708354724,0.0,0.0,1.0,1.0,-0.0,0
005940,NH투자증권,00120182,2025,4,202504,83385398000000.0,9438104000000.0,73947294000000.0,7.834973422628104,2.1787180975756355,74313000000.0,0.02536046912728529,-0.12467126682955376,1029235000000.0,0.44377844113141696,0.269997335872852,748418000000.0,0.40506291091094093,0.22739764449484534,-500259000000.0,-0.5851296213365179,-0.757537178368659,6826000000.0,-0.6228312520720521,-0.7386142360424591,83385398000000.0,-0.005999359744016572,8.186085530226767e-05,0,0,-500259000000.0,-0.005999359744016572,10119512039100.0,32913666200.0,66121,2026-03-31,True,passed,66121,0.0,0.0,4.0,2025.0,00120182,-1.1389837058237209,-1.1389837058237209,81.0,0.269997335872852,-0.15273526557996694,29.0,1.0,-0.15273526557996694,-0.12467126682955376,-0.2343411128971612,69.0,1.0,-0.0585852782242903,2.1787180975756355,2.430679873307442,4.0,1.0,-0.8507379556576047,-0.005999359744016572,-0.7692520636185874,73.0,1.0,-0.07692520636185875,0.0,0.0,1.0,1.0,-0.0,0
003470,유안타증권,00117601,2025,4,202504,20030123636000.0,1905932821000.0,18124190815000.0,9.509354482646794,2.3522657636540694,2746622317000.0,0.3461252016122962,0.3722383303943011,60278209000.0,-0.2124790684421881,-0.022802768640347693,65884896000.0,0.26282557270193263,-0.07391680894468222,-846257533000.0,0.961684133153534,-6.012750479248977,3134626000.0,-0.6529853902149467,-0.47389392437487843,20030123636000.0,-0.04224924161122138,0.00015649558919177906,0,0,-846257533000.0,-0.04224924161122138,1005966743040.0,2504940000.0,66121,2026-03-31,True,passed,66121,0.0,0.0,4.0,2025.0,00117601,-1.2062252152929105,-1.2062252152929105,82.0,-0.022802768640347693,-0.15553202424646181,50.0,1.0,-0.15553202424646181,0.3722383303943011,0.4029188631755515,9.0,1.0,0.10072971579388787,2.3522657636540694,2.734766849091739,1.0,1.0,-0.9571683971821087,-0.04224924161122138,-1.9425450965822801,84.0,1.0,-0.19425450965822802,0.0,0.0,1.0,1.0,-0.0,0
003530,한화투자증권,00148610,2025,4,202504,17357936000000.0,2068209000000.0,15289727000000.0,7.392737871269296,2.1273667927851694,2625186000000.0,0.2901580153126406,-0.07265947702168418,110045000000.0,,,80557000000.0,1.269278449498246,0.7679337587362725,-919928000000.0,-0.10597922476305432,-0.02593470419446431,2166000000.0,-0.6303507964405508,-1.8904411726929387,17357936000000.0,-0.052997545330274294,0.0001247844213736011,0,0,-919928000000.0,-0.052997545330274294,1579071624000.0,16006340350.0,66121,2026-03-31,True,passed,66121,0.0,0.0,4.0,2025.0,00148610,-1.2452760049485054,-1.2452760049485054,83.0,,-0.15507689432388708,41.0,1.0,-0.15507689432388708,-0.07265947702168418,-0.16763877485893994,61.0,1.0,-0.041909693714734984,2.1273667927851694,2.34070307713864,5.0,1.0,-0.8192460769985239,-0.052997545330274294,-2.290433399113594,85.0,1.0,-0.2290433399113594,0.0,0.0,1.0,1.0,-0.0,0
001450,현대해상,00164973,2025,4,202504,50429646840633.0,5157512762473.0,45272134078160.0,8.777900542984261,2.2801247925956485,2366924988275.0,-0.17198866127312884,-0.8132540147735384,-305663195881.0,0.007909921010536891,0.2722446988655307,389997759123.0,-0.3889547618712844,-1.230017555515075,1402216676469.0,-5.0741756580898905,-2.576450668121308,13981649492.0,0.3126339164254315,-0.2846287256829083,50429646840633.0,0.027805403454445432,0.00027725059301296706,0,0,1402216676469.0,0.027805403454445432,3169230000000.0,9989347400.0,65121,2026-03-31,True,passed,65121,0.0,0.0,4.0,2025.0,00164973,-1.312503660171563,-1.312503660171563,84.0,0.2722446988655307,-0.1527137992900659,28.0,1.0,-0.1527137992900659,-0.8132540147735384,-1.117411651140734,82.0,1.0,-0.2793529127851835,2.2801247925956485,2.608362788380353,3.0,1.0,-0.9129269759331236,0.027805403454445432,0.3249002783681003,23.0,1.0,0.032490027836810036,0.0,0.0,1.0,1.0,-0.0,0
032830,삼성생명,00126256,2025,4,202504,350685701000000.0,64835318000000.0,285850383000000.0,4.408868373252985,1.688039897827616,20202317000000.0,0.07501075552615877,-1.9038231844795348,110716000000.0,-0.02197802197802201,-0.07699148876770712,1690568000000.0,0.09320269316027296,0.0805049748204194,1315463000000.0,-2.4639288035397913,-0.7884439432096353,66839000000.0,0.41470177369512773,0.5324400045404901,350685701000000.0,0.0037511167300203095,0.0001905951677225642,0,0,1315463000000.0,0.0037511167300203095,41100000000000.0,68042808000.0,65110,2026-03-31,True,passed,65110,0.0,0.0,4.0,2025.0,00126256,-1.3802406615965204,-1.3802406615965204,85.0,-0.07699148876770712,-0.1560496223289298,51.0,1.0,-0.1560496223289298,-1.9038231844795348,-2.5160082708783853,86.0,1.0,-0.6290020677195963,1.688039897827616,1.5709227056298054,9.0,1.0,-0.5498229469704319,0.0037511167300203095,-0.45366024577562336,67.0,1.0,-0.045366024577562336,0.0,0.0,1.0,1.0,-0.0,0
016360,삼성증권,00104856,2025,4,202504,79683213004622.0,8068055959870.0,71615157044752.0,8.876383282535627,2.2901463802211186,11506102352.0,-0.27769687966557755,-1.1342742241799533,973860768043.0,0.10461380434170753,-0.5287171627102913,698052367809.0,0.059703056488710216,-0.602091802251125,-3060187551204.0,-4.549700237297239,-2.8566351090552446,11547364339.0,-0.38303073917375663,-0.9203365582334131,79683213004622.0,-0.03840441964892272,0.00014491589763492843,0,0,-3060187551204.0,-0.03840441964892272,9019300000000.0,32159175600.0,66121,2026-03-31,True,passed,66121,0.0,0.0,4.0,2025.0,00104856,-1.643523022239549,-1.643523022239549,86.0,-0.5287171627102913,-0.16036440116269282,71.0,1.0,-0.16036440116269282,-1.1342742241799533,-1.5291028966069187,84.0,1.0,-0.38227572415172967,2.2901463802211186,2.6259224268499897,2.0,1.0,-0.9190728493974963,-0.03840441964892272,-1.8181004752763004,83.0,1.0,-0.18181004752763005,0.0,0.0,1.0,1.0,-0.0,0
036530,SNT홀딩스,00225159,2025,4,202504,3262277587123.0,2393211855066.0,869065732057.0,0.36313781841642806,0.30978926162797615,1718781214926.0,0.24177124929340033,0.2601404063755284,234764972799.0,0.2590738405705222,-0.16776302366893558,155654886689.0,-0.22501684215219697,-0.9995689137672497,88913144.0,-0.9987356627269777,-0.6365292966572398,9344419120.0,1.341280137601125,-0.4455009355716668,3262277587123.0,2.7254928995301235e-05,0.002864385040955646,0,0,88913144.0,2.7254928995301235e-05,1056491812800.0,781765800.0,64992,2026-03-31,False,excluded_by_filter,,,,,,,,,,,,,,,,,,,,,,,,,,,,,,,,,,,0
105560,KB금융,00688996,2025,4,202504,797923033000000.0,60829989000000.0,737093044000000.0,12.117264134307176,2.5739292354227628,9233205000000.0,0.08053195678670289,0.024605404810180476,8181107000000.0,0.13093360866504167,-0.6625198114938962,4185487000000.0,0.21934604626799703,0.15381490992954694,7427006000000.0,-8.527757506466548,-8.351647077326081,218773000000.0,-0.18025397277417854,-0.49881307792136087,797923033000000.0,0.009307922810645321,0.00027417807351351394,0,0,7427006000000.0,0.009307922810645321,66073422221700.0,212037769200.0,64992,2026-03-31,False,excluded_by_filter,,,,,,,,,,,,,,,,,,,,,,,,,,,,,,,,,,,0
316140,우리금융지주,01350869,2025,4,202504,601457286000000.0,37859248000000.0,563598038000000.0,14.886667532329222,2.7654802374923646,514368000000.0,-0.7604439700219637,-0.8761019918542708,2686778000000.0,-0.12715058854793226,-0.47676122664897047,1936004000000.0,-0.1412678072345377,-0.4606264366176407,11774103000000.0,5.604939019567255,6.323212705255044,270840000000.0,1.9345670852610706,2.3640189960930336,601457286000000.0,0.019575958715711692,0.0004503062915759574,0,0,11774103000000.0,0.019575958715711692,28923938963950.0,73906373800.0,64992,2026-03-31,False,excluded_by_filter,,,,,,,,,,,,,,,,,,,,,,,,,,,,,,,,,,,0
