ticker,year,quarter,quarter_key,name,corp_code,fs_div,fs_div_used,Assets,Equity,Liabilities,Debt_to_Equity,Debt_to_Equity_log,Revenue_ttm,Revenue_ttm_yoy,Revenue_acc2,OpIncome_ttm,OpIncome_ttm_yoy,OpIncome_acc2,NetIncome_ttm,NetIncome_ttm_yoy,NetIncome_acc2,CFO_ttm,CFO_ttm_yoy,CFO_acc2,CAPEX_ttm,CAPEX_ttm_yoy,CAPEX_acc2,Assets_ttm,CFO_to_Assets_ttm,CAPEX_to_Assets_ttm,OpMargin_ttm,OpIncome_to_Assets_ttm,CFO_isnull,CFO_warn,CFO_safe,Quality_CFO_to_Assets,industry4,rebalance_month,passed_filters,filter_status,industry4_scored,CFO_warn_scored,CFO_isnull_scored,quarter_scored,year_scored,corp_code_scored,score_total,score,score_rank,OpIncome_acc2__raw,OpIncome_acc2__z,OpIncome_acc2__rank,OpIncome_acc2__mult,OpIncome_acc2__contrib,Debt_to_Equity_log__raw,Debt_to_Equity_log__z,Debt_to_Equity_log__rank,Debt_to_Equity_log__mult,Debt_to_Equity_log__contrib,Quality_CFO_to_Assets__raw,Quality_CFO_to_Assets__z,Quality_CFO_to_Assets__rank,Quality_CFO_to_Assets__mult,Quality_CFO_to_Assets__contrib,CAPEX_ttm_yoy__raw,CAPEX_ttm_yoy__z,CAPEX_ttm_yoy__rank,CAPEX_ttm_yoy__mult,CAPEX_ttm_yoy__contrib,CFO_isnull__raw,CFO_isnull__z,CFO_isnull__rank,CFO_isnull__mult,CFO_isnull__contrib,selected_topk
042520,2025,4,202504,한스바이오메드,00349060,CFS,,126407117302.0,33886510129.0,92520607173.0,2.730307925507533,1.3164907840037212,67745961528.0,0.12305422094793572,0.11033166298595853,-25931354125.0,913.6507234287205,914.6440940967984,-28642191436.0,2.6873062758463355,3.3567083460088596,1205792797.0,-2.6107765869491315,-2.400588909301879,448853038.0,-0.3545735413837864,-1.1348179983492486,126407117302.0,0.009538962858548805,0.0035508525752362703,-0.38277343091930793,-0.20514156701356653,0,0,1205792797.0,0.009538962858548805,213,2026-03-31,True,passed,213,0,0,4,2025,00349060,8.021742745418116,8.021742745418116,1.0,914.6440940967984,8.732952231581828,1.0,1.0,8.732952231581828,1.3164907840037212,0.8072726950587578,15.0,1.0,-0.6458181560470062,0.009538962858548805,-0.26134392577346843,57.0,1.0,-0.06533598144336711,-0.3545735413837864,0.0003689911555968015,66.0,1.0,-5.534867333952022e-05,0,0.0,1.0,1.0,-0.0,1
322000,2025,4,202504,HD현대에너지솔루션,01199550,CFS,,530430417283.0,417784216586.0,112646200697.0,0.26962770785720197,0.23872371407604293,371610970361.0,0.15504644157424452,0.36102654694538605,26547885709.0,330.35938550168385,331.35215204500884,29705468294.0,-48.68470480595912,-47.762016226342965,-6212074189.0,-1.1792679042882137,-0.8961128016831201,1056098140.0,-0.7767304559426826,-0.8832676545341498,530430417283.0,-0.011711383786811906,0.001991021075694724,0.07143999458145749,0.05004970462475559,0,0,-6212074189.0,-0.011711383786811906,2612,2026-03-31,True,passed,2612,0,0,4,2025,01199550,3.6000019318991305,3.6000019318991305,2.0,331.35215204500884,3.0664811086646195,2.0,1.0,3.0664811086646195,0.23872371407604293,-0.952837382673289,78.0,1.0,0.7622699061386312,-0.011711383786811906,-0.9595370256139096,79.0,1.0,-0.2398842564034774,-0.7767304559426826,-0.07423448999571565,85.0,1.0,0.011135173499357347,0,0.0,1.0,1.0,-0.0,1
095610,2025,4,202504,테스,00524421,CFS,,487468886334.0,391753766498.0,95715119836.0,0.24432469582009406,0.21859296976161705,283547331902.0,0.4979921778457592,-0.08953404920000563,49421972958.0,0.43623734753681864,67.84288655189508,44817128622.0,0.11587494077453853,-6.021556660924148,16902311278.0,0.49347007222799144,2.712255125568911,62513702290.0,-3.620737702929877,1.61905442341408,487468886334.0,0.03467362072093153,0.12824142020659626,0.1742988467797725,0.10138487674501025,0,0,16902311278.0,0.03467362072093153,29271,2026-03-31,True,passed,29271,0,0,4,2025,00524421,1.522795632518174,1.522795632518174,3.0,67.84288655189508,0.5065835069842635,3.0,1.0,0.5065835069842635,0.21859296976161705,-0.9857130632620881,81.0,1.0,0.7885704506096705,0.03467362072093153,0.5644705881839829,20.0,1.0,0.14111764704599572,-3.620737702929877,-0.5768268525216276,87.0,1.0,0.08652402787824413,0,0.0,1.0,1.0,-0.0,1
042700,2025,4,202504,한미반도체,00161383,CFS,,813331626120.0,690327519537.0,123004106583.0,0.17818224408248765,0.1639727796154585,410453262426.0,0.1714125938188491,-1.570105496041904,183568130453.0,0.17606479646082707,-3.7527024678870378,148294300129.0,0.2982772054444329,0.8459041941419514,88360913617.0,0.039314751134645665,-4.072934680576493,48288157182.0,2.2013348874647187,-8.375844174245657,813331626120.0,0.1086406956022673,0.05937080968111217,0.4472327235700684,0.22569899479836053,0,0,88360913617.0,0.1086406956022673,29271,2026-03-31,True,passed,29271,0,0,4,2025,00161383,1.3518578338326148,1.3518578338326148,4.0,-3.7527024678870378,-0.1889418525497155,86.0,1.0,-0.1889418525497155,0.1639727796154585,-1.0749137354725922,85.0,1.0,0.8599309883780738,0.1086406956022673,2.994703946697427,2.0,1.0,0.7486759866743568,2.2013348874647187,0.4520485911340021,6.0,1.0,-0.06780728867010032,0,0.0,1.0,1.0,-0.0,1
100790,2025,4,202504,미래에셋벤처투자,00340096,CFS,,1100137937076.0,378332006272.0,721805930804.0,1.9078637779460326,1.0674187146765506,218074856782.0,-0.07726809056373407,-0.29798969745711756,25309314031.0,0.3302798952592372,0.7494170636406072,23691033448.0,,,81491074845.0,0.28260467843035175,-9.361138833634216,225268040.0,-51.22609184228598,,1100137937076.0,0.07407350669279794,0.00020476345048033552,0.11605791884710774,0.023005582462021376,0,0,81491074845.0,0.07407350669279794,649,2026-03-31,True,passed,649,0,0,4,2025,00340096,1.347575463743478,1.347575463743478,5.0,0.7494170636406072,-0.14520538290539825,18.0,1.0,-0.14520538290539825,1.0674187146765506,0.4005110936547125,23.0,1.0,-0.32040887492377,0.07407350669279794,1.8589778721892964,4.0,1.0,0.4647444680473241,-51.22609184228598,-8.989635023502148,89.0,1.0,1.3484452535253222,0,0.0,1.0,1.0,-0.0,1
030190,2025,4,202504,NICE평가정보,00158325,CFS,,646531372501.0,469548309154.0,176983063347.0,0.3769219479586157,0.31985053546651265,451095582703.0,0.12591257281540202,0.0339047526445877,77392774235.0,0.205986508966435,-0.09245799219666773,55114988928.0,-0.03581911362782264,-0.36843379531866083,45771128089.0,-0.03498909755740354,-0.4783663757204978,2685539291.0,-0.5319162593445601,-0.7020547674283888,646531372501.0,0.0707949065363092,0.004153764852293918,0.17156624272677742,0.11970459211533513,0,0,45771128089.0,0.0707949065363092,63991,2026-03-31,True,passed,63991,0,0,4,2025,00158325,0.9453549308410923,0.9453549308410923,6.0,-0.09245799219666773,-0.1533838958404915,55.0,1.0,-0.1533838958404915,0.31985053546651265,-0.8203485176040349,70.0,1.0,0.656278814083228,0.0707949065363092,1.7512574643955734,5.0,1.0,0.43781436609889335,-0.5319162593445601,-0.03097097666308332,72.0,1.0,0.004645646499462498,0,0.0,1.0,1.0,-0.0,1
041920,2025,4,202504,메디아나,00273439,CFS,,146835881738.0,135432248814.0,11403632924.0,0.084201754189739,0.08084400580049247,49941574445.0,0.1350387385333769,0.4149844530359782,4370574369.0,1.180374769618802,1.9089062941197898,3000957137.0,-0.5933901542798659,-0.7851238347895226,2383860301.0,-0.19804440461810813,0.13651757544230436,107940201.0,-0.6469843092274332,-2.0802977054237335,146835881738.0,0.01623486216573095,0.0007351077932885522,0.08751374816613473,0.029765029618567196,0,0,2383860301.0,0.01623486216573095,27112,2026-03-31,True,passed,27112,0,0,4,2025,00273439,0.8319555906663602,0.8319555906663602,7.0,1.9089062941197898,-0.13394136266412354,13.0,1.0,-0.13394136266412354,0.08084400580049247,-1.2106720051616522,88.0,1.0,0.9685376041293218,0.01623486216573095,-0.04134607013747122,48.0,1.0,-0.010336517534367805,-0.6469843092274332,-0.05130577823686534,81.0,1.0,0.007695866735529801,0,0.0,1.0,1.0,-0.0,1
005930,2025,4,202504,삼성전자,00126380,CFS,,566942110000000.0,436320337000000.0,130621773000000.0,0.2993712690499687,0.26188050828400256,247544191000000.0,0.11620943587097132,-0.04168330706387158,31434989000000.0,0.33523919840595284,-4.360398964655245,32981058000000.0,0.35443337036071654,-1.1707793528689163,28799652000000.0,0.30775123056109877,0.2036139453988175,12759490000000.0,-0.18955302253227924,-0.18049774206135205,566942110000000.0,0.05079822347293977,0.022505807515338736,0.12698738303255114,0.05544655873242508,0,0,28799652000000.0,0.05079822347293977,264,2026-03-31,True,passed,264,0,0,4,2025,00126380,0.806304317543929,0.806304317543929,8.0,-4.360398964655245,-0.19484540513150184,88.0,1.0,-0.19484540513150184,0.26188050828400256,-0.915019835644197,75.0,1.0,0.7320158685153576,0.05079822347293977,1.0942542461638944,9.0,1.0,0.2735635615409736,-0.18955302253227924,0.029531382539335845,57.0,1.0,-0.004429707380900377,0,0.0,1.0,1.0,-0.0,1
026960,2025,4,202504,동서,00144395,CFS,,1798366336076.0,1737278347482.0,61087988594.0,0.03516304032830463,0.03455894119852598,395556317133.0,0.060997332221572,0.0493093912902518,31878617432.0,-0.07339568186511647,-0.10539702834330966,112428097523.0,-0.10952479845285057,-0.2555391158423913,20453992000.0,0.3321584777324422,0.529241484973492,823547134.0,0.38203573506600774,0.625361020222278,1798366336076.0,0.011373651513423127,0.0004579418094518849,0.08059185519537862,0.017726431368571164,0,0,20453992000.0,0.011373651513423127,4632,2026-03-31,True,passed,4632,0,0,4,2025,00144395,0.8056514275935347,0.8056514275935347,9.0,-0.10539702834330966,-0.15350959391618482,56.0,1.0,-0.15350959391618482,0.03455894119852598,-1.2862605167496586,89.0,1.0,1.0290084133997268,0.011373651513423127,-0.20106411102190777,55.0,1.0,-0.05026602775547694,0.38203573506600774,0.13054242756353557,26.0,1.0,-0.019581364134530335,0,0.0,1.0,1.0,-0.0,1
281820,2025,4,202504,케이씨텍,01261893,CFS,,600479162239.0,530239452127.0,70239710112.0,0.1324679063963286,0.12439923925061419,286892657970.0,,,45097098548.0,,,38393555988.0,,,14485546480.0,,,14184491213.0,,,600479162239.0,0.024123312499284576,0.02362195410763372,0.15719153939699546,0.07510185429224046,0,0,14485546480.0,0.024123312499284576,272,2026-03-31,True,passed,272,0,0,4,2025,01261893,0.8050344804892003,0.8050344804892003,10.0,,-0.15238683409032583,42.0,1.0,-0.15238683409032583,0.12439923925061419,-1.1395416028023786,86.0,1.0,0.9116332822419029,0.024123312499284576,0.21783377681921734,31.0,1.0,0.054458444204804335,,0.057802745781207185,44.0,1.0,-0.008670411867181078,0,0.0,1.0,1.0,-0.0,1
098460,2025,4,202504,고영,00579999,CFS,,410335212878.0,335165611050.0,75169601828.0,0.2242759977448468,0.20234964702508956,172360832068.0,0.10318014198694492,0.2128991497020375,12646074759.0,3.8130464141012164,4.671794582701394,6302311916.0,-0.7521078642961823,-1.165276745008475,15042890383.0,0.6337339999465961,2.9736964739126908,2717575290.0,-0.18013148599143114,-3.1335365971446834,410335212878.0,0.03666000360410823,0.006622817649354368,0.07336977088861381,0.030818887490311257,0,1,15042890383.0,0.03666000360410823,29271,2026-03-31,True,passed,29271,1,0,4,2025,00579999,0.7924719416311125,0.7924719416311125,11.0,4.671794582701394,-0.1071008980967187,10.0,1.0,-0.1071008980967187,0.20234964702508956,-1.012240164378969,83.0,1.0,0.8097921315031752,0.03666000360410823,0.6297344093263035,19.0,0.6,0.09446016139894553,-0.18013148599143114,0.031196354495263624,55.0,1.0,-0.004679453174289544,0,0.0,1.0,0.6,-0.0,0
052400,2025,4,202504,코나아이,00349732,CFS,,559070392738.0,257888596774.0,301181795964.0,1.1678755855496004,0.7737476951916037,215913386520.0,0.1946623467964239,0.3348816599021338,58722210940.0,1.5201381039646646,1.60043644888358,44492412626.0,0.9576571992231604,0.9201557393533388,66298905944.0,11.927986804315983,13.0335115610944,9859814630.0,1.5804503935637308,2.1269797519932405,559070392738.0,0.11858776069200644,0.017636087974024866,0.27197114494131,0.10503545117532147,0,0,66298905944.0,0.11858776069200644,58221,2026-03-31,True,passed,58221,0,0,4,2025,00349732,0.7053616008747036,0.7053616008747036,12.0,1.60043644888358,-0.1369380361037963,14.0,1.0,-0.1369380361037963,0.7737476951916037,-0.07908541226561089,39.0,1.0,0.06326832981248871,0.11858776069200644,3.32152083703911,1.0,1.0,0.8303802092597775,1.5804503935637308,0.3423260139584427,11.0,1.0,-0.051348902093766406,0,0.0,1.0,1.0,-0.0,0
114810,2025,4,202504,한솔아이원스,00625942,CFS,,254358289046.0,210271082405.0,44087206641.0,0.2096684248577952,0.1903462930126865,147606242909.0,0.22402070447965805,-0.0035667133546952723,23936799073.0,0.30280938027457793,-1.6260698798144473,21993607543.0,-0.18123009295730053,23.545499552382037,6297345284.0,-0.3766454380324389,-3.6978962758046166,4582462128.0,1.3435371732304833,1.8023218433966237,254358289046.0,0.02475777497803951,0.018015776663646586,0.16216657643509808,0.09410662087238326,0,0,6297345284.0,0.02475777497803951,2927,2026-03-31,True,passed,2927,0,0,4,2025,00625942,0.6717930110189578,0.6717930110189578,13.0,-1.6260698798144473,-0.16828238294178788,79.0,1.0,-0.16828238294178788,0.1903462930126865,-1.0318429384414887,84.0,1.0,0.825474350753191,0.02475777497803951,0.2386794285239657,30.0,1.0,0.059669857130991426,1.3435371732304833,0.3004587594895778,14.0,1.0,-0.04506881392343667,0,0.0,1.0,1.0,-0.0,0
064960,2025,4,202504,SNT모티브,00398792,CFS,,1279363819077.0,1019390057900.0,259973761177.0,0.2550287391585517,0.22715847204948206,775288589228.0,0.03638648988019333,0.16606854360575274,80551228283.0,0.05840505727884726,0.19130212122431123,48245408942.0,-0.44788341858217884,-0.966116857990463,28533183729.0,-0.37284144070332537,-0.6137813460548327,21598758481.0,0.39008958953606987,-0.5221167266281534,1279363819077.0,0.02230263456221963,0.016882420902431392,0.10389837978037256,0.06296194020955968,0,0,28533183729.0,0.02230263456221963,303,2026-03-31,True,passed,303,0,0,4,2025,00398792,0.6464611872066292,0.6464611872066292,14.0,0.19130212122431123,-0.15062726854528205,34.0,1.0,-0.15062726854528205,0.22715847204948206,-0.9717246725250064,80.0,1.0,0.7773797380200052,0.02230263456221963,0.158014292746566,36.0,1.0,0.0395035731866415,0.39008958953606987,0.1319657030315698,25.0,1.0,-0.019794855454735468,0,0.0,1.0,1.0,-0.0,0
020150,2025,4,202504,롯데에너지머티리얼즈,00113997,CFS,,2208680587320.0,1793464927050.0,415215660270.0,0.2315159075638975,0.20824585572109267,533824850423.0,-0.2272415934179246,-0.3954543767919503,-110943093099.0,2.3920641057119365,7.1213370598594885,-142624272576.0,-7.408508737213422,-5.9813579313583345,15569246101.0,-0.12999156148125846,2.018200851266065,15929799446.0,0.32395646408486867,0.8122673112260602,2208680587320.0,0.007049116196512431,0.007212359966150255,-0.20782676754573953,-0.05023048318345465,0,0,15569246101.0,0.007049116196512431,2629,2026-03-31,True,passed,2629,0,0,4,2025,00113997,0.6149551998098587,0.6149551998098587,15.0,7.1213370598594885,-0.08330447522423709,7.0,1.0,-0.08330447522423709,0.20824585572109267,-1.0026110184940955,82.0,1.0,0.8020888147952765,0.007049116196512431,-0.34314935643801103,63.0,1.0,-0.08578733910950276,0.32395646408486867,0.1202786710111864,27.0,1.0,-0.01804180065167796,0,0.0,1.0,1.0,-0.0,0
166090,2025,4,202504,하나머티리얼즈,00660750,CFS,,685606173112.0,463680286012.0,221925887100.0,0.4786183363729563,0.3911080952359938,203645533963.0,0.08185462768753449,0.03912184228342297,38082869179.0,0.21216012674734852,0.27861645079986175,29168272001.0,0.23711965984351524,0.39000962447029186,29859891423.0,0.26077718666785854,-0.7184404288150159,6257293333.0,0.25171219013938795,1.05424337228721,685606173112.0,0.04355254166902332,0.009126658391358757,0.18700566831934162,0.055546275212400714,0,0,29859891423.0,0.04355254166902332,2612,2026-03-31,True,passed,2612,0,0,4,2025,00660750,0.6113242233268983,0.6113242233268983,16.0,0.27861645079986175,-0.1497790412829332,27.0,1.0,-0.1497790412829332,0.3911080952359938,-0.7039772231338174,62.0,1.0,0.563181778507054,0.04355254166902332,0.8561929512796372,12.0,1.0,0.2140482378199093,0.25171219013938795,0.10751167811421232,31.0,1.0,-0.01612675171713185,0,0.0,1.0,1.0,-0.0,0
018260,2025,4,202504,삼성에스디에스,00126186,CFS,,13453704199195.0,10262899983419.0,3190804215776.0,0.31090668533564036,0.2707190240145882,10538550877205.0,0.0272948183821895,0.00844826285614686,724807110801.0,0.10103306580437033,0.03096048602216772,581589723815.0,-0.036603100671123934,-0.18700910662378856,302073226595.0,-0.5390928650199331,-0.5455361865168182,121006703765.0,-0.06578475403812589,0.23110608839704805,13453704199195.0,0.02245279234049716,0.008994303871512234,0.06877673403548923,0.0538741672976851,0,0,302073226595.0,0.02245279234049716,62021,2026-03-31,True,passed,62021,0,0,4,2025,00126186,0.6013099395827936,0.6013099395827936,17.0,0.03096048602216772,-0.1521849297783145,40.0,1.0,-0.1521849297783145,0.2707190240145882,-0.9005855844560984,74.0,1.0,0.7204684675648787,0.02245279234049716,0.16294781813466272,35.0,1.0,0.04073695453366568,-0.06578475403812589,0.05140368491624255,49.0,1.0,-0.007710552737436383,0,0.0,1.0,1.0,-0.0,0
004000,2025,4,202504,롯데정밀화학,00157681,CFS,,2746168414774.0,2435737106786.0,310431307988.0,0.12744860975477762,0.11995721242448422,1309319560199.0,0.047346331415184295,0.13312094439826339,46789355517.0,0.16841359189976512,0.8336965706548338,70875858234.0,-0.34337448959134753,0.10283786127905681,17853888048.0,0.8523864904783769,1.6389484173353526,147844132392.0,2.7954222775834685,3.097957410598247,2746168414774.0,0.006501381325321708,0.053836513302177445,0.035735627068680324,0.017038050275897082,0,0,17853888048.0,0.006501381325321708,20119,2026-03-31,True,passed,20119,0,0,4,2025,00157681,0.5992083738147701,0.5992083738147701,18.0,0.8336965706548338,-0.14438663785112932,17.0,1.0,-0.14438663785112932,0.11995721242448422,-1.146795912569657,87.0,1.0,0.9174367300557256,0.006501381325321708,-0.3611455197001687,66.0,1.0,-0.09028637992504218,2.7954222775834685,0.557035589765226,3.0,1.0,-0.0835553384647839,0,0.0,1.0,1.0,-0.0,0
012750,2025,4,202504,에스원,00158501,CFS,,2431985312121.0,1756330800795.0,675654511326.0,0.38469661354237267,0.32548106405004246,2190672800074.0,0.03237718650125143,-0.04183471259664984,172441062673.0,0.1573422115804335,0.22083757623104527,130268614674.0,0.0645462418472138,0.23235964796517417,66854510040.0,0.034766231405957804,0.5583111334600488,42428101786.0,0.11136256018421675,0.16395871030134457,2431985312121.0,0.02748968495278221,0.01744587090001679,0.07871602854939132,0.0709054704457115,0,0,66854510040.0,0.02748968495278221,75320,2026-03-31,True,passed,75320,0,0,4,2025,00158501,0.5682853936884358,0.5682853936884358,19.0,0.22083757623104527,-0.1503403422381756,31.0,1.0,-0.1503403422381756,0.32548106405004246,-0.8111532560495192,69.0,1.0,0.6489226048396154,0.02748968495278221,0.32843799696440307,25.0,1.0,0.08210949924110077,0.11136256018421675,0.08270912102736515,36.0,1.0,-0.012406368154104772,0,0.0,1.0,1.0,-0.0,0
207940,2025,4,202504,삼성바이오로직스,00877059,CFS,,11060741976837.0,7451110647985.0,3609631328852.0,0.48444205157900194,0.39503897881072786,2896750871868.0,-0.13793505951720686,-0.40089353846579345,1340373130190.0,0.36567366280326774,0.13134619179968143,1209892339572.0,0.4775550909853086,0.15110940897150105,422151027238.0,0.08366422876121571,0.6159275766634531,554841586842.0,-0.03095020735858145,-0.9457739672057475,11060741976837.0,0.03816661017154665,0.05016314348566569,0.4627160530811013,0.12118293085553937,0,0,422151027238.0,0.03816661017154665,211,2026-03-31,True,passed,211,0,0,4,2025,00877059,0.568011189562485,0.568011189562485,20.0,0.13134619179968143,-0.15120971880430203,38.0,1.0,-0.15120971880430203,0.39503897881072786,-0.6975576655250059,60.0,1.0,0.5580461324200047,0.03816661017154665,0.6792348869944851,17.0,1.0,0.16980872174862127,-0.03095020735858145,0.05755963867892656,47.0,1.0,-0.008633945801838983,0,0.0,1.0,1.0,-0.0,0
045100,2025,4,202504,한양이엔지,00216762,CFS,,923696416239.0,624227340914.0,299469075325.0,0.4797436057294676,0.391868833396369,866454721272.0,-0.07587882040654259,-0.24092642909418704,41621017040.0,-0.33595487399028556,-0.26903573662617697,33820748068.0,-0.41720646257671823,-0.3514879951807025,38894252060.0,-0.5062655360138557,-0.6247710903285286,25220086627.0,2.6356429257313914,2.972815371118167,923696416239.0,0.04210718086183024,0.027303436695887837,0.048035997748270345,0.04505919510813697,0,0,38894252060.0,0.04210718086183024,721,2026-03-31,True,passed,721,0,0,4,2025,00216762,0.5299448720476001,0.5299448720476001,21.0,-0.26903573662617697,-0.15509928502663398,63.0,1.0,-0.15509928502663398,0.391868833396369,-0.7027348555203018,61.0,1.0,0.5621878844162415,0.04210718086183024,0.8087047404187413,13.0,1.0,0.20217618510468532,2.6356429257313914,0.5287994163112855,4.0,1.0,-0.07931991244669281,0,0.0,1.0,1.0,-0.0,0
004370,2025,4,202504,농심,00108241,CFS,,3822122467403.0,2831185859403.0,990936608000.0,0.3500076141977322,0.3001102325809008,2643159175243.0,0.021179218332737504,0.007989917142651626,129557482005.0,0.032563655191972796,0.2302629947081125,119440014612.0,-0.010398253192428042,-0.004326554224751478,69780606329.0,0.03518812317850473,0.1964841151425325,32359709160.0,0.5577645900482793,1.055028452054065,3822122467403.0,0.018257030465173324,0.008466423940096116,0.04901614825867953,0.03389673750904947,0,0,69780606329.0,0.018257030465173324,108,2026-03-31,True,passed,108,0,0,4,2025,00108241,0.5138542710215053,0.5138542710215053,22.0,0.2302629947081125,-0.15024877769258313,30.0,1.0,-0.15024877769258313,0.3001102325809008,-0.8525865651524536,73.0,1.0,0.6820692521219629,0.018257030465173324,0.025093502682155114,42.0,1.0,0.0062733756705387785,0.5577645900482793,0.16159719385608814,22.0,1.0,-0.02423957907841322,0,0.0,1.0,1.0,-0.0,0
003670,2025,4,202504,포스코퓨처엠,00155276,CFS,,9143896515830.0,4512079082909.0,4631817432921.0,1.0265372897530871,0.7063285679793946,2063899869084.0,-0.2568297131890379,-0.056218451457201724,-33842667016.0,51.35978732913881,51.84458929691228,-9927215216.0,-0.9568625673784168,-12.249109930432835,155108192327.0,0.7752437005178336,1.2540592291175574,294637115074.0,-0.4483743612245983,-0.5535305191676603,9143896515830.0,0.01696303015442872,0.03222227138768702,-0.016397436485627595,-0.0037011209561931564,0,0,155108192327.0,0.01696303015442872,282,2026-03-31,True,passed,282,0,0,4,2025,00155276,0.5005920206432907,0.5005920206432907,23.0,51.84458929691228,0.35116581152918613,4.0,1.0,0.35116581152918613,0.7063285679793946,-0.18918813162784834,45.0,1.0,0.15135050530227867,0.01696303015442872,-0.017421666751587236,45.0,1.0,-0.004355416687896809,-0.4483743612245983,-0.01620746999815122,69.0,1.0,0.002431120499722683,0,0.0,1.0,1.0,-0.0,0
000100,2025,4,202504,유한양행,00145109,CFS,,3220925833989.0,2362284335746.0,858641498243.0,0.3634793175614249,0.3100397545499756,1616624008341.0,0.10048795278101674,0.03283415723087746,82360675082.0,10.278660893749757,11.147973753510511,164149185534.0,7.365746399819077,8.195147978654143,7697210176.0,-0.8562202220002778,-0.7687977796952249,49682322071.0,0.12151475943680201,0.4261470250492835,3220925833989.0,0.002389750827161172,0.015424857519761715,0.05094609176720044,0.025570497219428143,0,0,7697210176.0,0.002389750827161172,212,2026-03-31,True,passed,212,0,0,4,2025,00145109,0.48817492203544677,0.48817492203544677,24.0,11.147973753510511,-0.04418715008720223,6.0,1.0,-0.04418715008720223,0.3100397545499756,-0.8363705828938726,71.0,1.0,0.6690964663150981,0.002389750827161172,-0.4962356474433754,70.0,1.0,-0.12405891186084385,0.12151475943680201,0.08450321554403555,35.0,1.0,-0.012675482331605332,0,0.0,1.0,1.0,-0.0,0
086450,2025,4,202504,동국제약,00114808,CFS,,1062896288305.0,763738526426.0,299157761879.0,0.3917018083125154,0.3305273207979428,700074244028.0,0.14524545502007014,0.04294453205105242,71756160074.0,0.23954591319599428,0.14069522479662422,51606547659.0,0.2560477661158598,0.12638640474170226,23533178247.0,-0.22992574155268353,-1.8758697277858536,14415964867.0,1.3500369940265977,1.7595822708492022,1062896288305.0,0.02214061569876055,0.013562908277710829,0.10249792887842629,0.06751002977762723,0,0,23533178247.0,0.02214061569876055,212,2026-03-31,True,passed,212,0,0,4,2025,00114808,0.48414249758492467,0.48414249758492467,25.0,0.14069522479662422,-0.15111889631613593,36.0,1.0,-0.15111889631613593,0.3305273207979428,-0.8029121735330541,68.0,1.0,0.6423297388264433,0.02214061569876055,0.15269106417063041,37.0,1.0,0.038172766042657603,1.3500369940265977,0.30160740645360185,13.0,1.0,-0.045241110968040274,0,0.0,1.0,1.0,-0.0,0
006650,2025,4,202504,대한유화,00260383,CFS,,2700325545731.0,2081469764215.0,618855781516.0,0.29731672885932775,0.26029807664722177,2437903246992.0,0.15140556935116423,-0.0032508680908487353,9819592852.0,-1.3137906016122283,-0.6996933619602632,13543664868.0,0.15191864730397153,1.4053980128315837,25506610014.0,-0.6391303472587493,-1.6492361225343688,34553173647.0,1.3015173002164135,0.45552664669718945,2700325545731.0,0.00944575369970629,0.012795928884065782,0.004027884561914373,0.003636447785906405,0,0,25506610014.0,0.00944575369970629,20111,2026-03-31,True,passed,20111,0,0,4,2025,00260383,0.4647437804119302,0.4647437804119302,26.0,-0.6996933619602632,-0.15928296873951994,77.0,1.0,-0.15928296873951994,0.26029807664722177,-0.9176041174885167,76.0,1.0,0.7340832939908134,0.00944575369970629,-0.26440636953647323,58.0,1.0,-0.06610159238411831,1.3015173002164135,0.29303301636829976,16.0,1.0,-0.043954952455244965,0,0.0,1.0,1.0,-0.0,0
035420,2025,4,202504,NAVER,00266961,CFS,,41084496327318.0,28953013365595.0,12131482961723.0,0.4190058840693555,0.34995654480028476,8896952649474.0,0.10904673018835376,-0.0012331723181531196,1637491557549.0,0.12620259205906215,-0.18530916630851646,1084022588790.0,-0.22674678921371105,-1.4561902995968175,944516558325.0,0.08746057351627812,-0.39913590614283767,566670502186.0,1.6057055938824991,0.6327419109075343,41084496327318.0,0.02298961026076812,0.013792806358665474,0.18405083426467497,0.03985667840499228,0,0,944516558325.0,0.02298961026076812,63120,2026-03-31,True,passed,63120,0,0,4,2025,00266961,0.4557877680091605,0.4557877680091605,27.0,-0.18530916630851646,-0.15428591155321164,61.0,1.0,-0.15428591155321164,0.34995654480028476,-0.7711821514130331,66.0,1.0,0.6169457211304266,0.02298961026076812,0.18058529831598977,33.0,1.0,0.04514632457899744,1.6057055938824991,0.3467891076470124,10.0,1.0,-0.05201836614705185,0,0.0,1.0,1.0,-0.0,0
090360,2025,4,202504,로보스타,00536523,CFS,,109142421219.0,86810119833.0,22332301386.0,0.2572545853981254,0.22893044322822984,58390181902.0,-0.19018439074119053,-0.16748190061520296,-4556474287.0,-3.0828775701178897,-3.80063488198547,-4664381669.0,-2.040183962773927,-13.814868556326394,-1593430905.0,-1.9024208698789353,-1.106103173977836,,,,109142421219.0,-0.014599556132282398,,-0.07803493906984951,-0.04174796780307077,0,1,-1593430905.0,-0.014599556132282398,29280,2026-03-31,True,passed,29280,1,0,4,2025,00536523,0.4188223177153195,0.4188223177153195,28.0,-3.80063488198547,-0.18940749868805418,87.0,1.0,-0.18940749868805418,0.22893044322822984,-0.9688308521289405,79.0,1.0,0.7750646817031525,-0.014599556132282398,-1.0544296895506513,81.0,0.6,-0.1581644534325977,,0.057802745781207185,44.0,1.0,-0.008670411867181078,0,0.0,1.0,0.6,-0.0,0
012330,2025,4,202504,현대모비스,00164788,CFS,,70400532000000.0,49212795000000.0,21187737000000.0,0.43053309611860086,0.3580471692897476,46086195000000.0,0.06594184500693845,0.10567455092541322,2577157000000.0,0.19042773338260433,-0.15835575101315014,2734236000000.0,-0.12892681832778574,-0.42322550593901387,737917000000.0,-0.17592423010604752,-0.18324984184862525,440593000000.0,-0.248689961172035,-0.14667542638624398,70400532000000.0,0.010481696359908189,0.006258376002044984,0.05592036834457694,0.03660706711704963,0,0,737917000000.0,0.010481696359908189,303,2026-03-31,True,passed,303,0,0,4,2025,00164788,0.3918967934351194,0.3918967934351194,29.0,-0.15835575101315014,-0.15402406883188421,59.0,1.0,-0.15402406883188421,0.3580471692897476,-0.7579692874312037,65.0,1.0,0.6063754299449631,0.010481696359908189,-0.23036984160335264,56.0,1.0,-0.05759246040083816,-0.248689961172035,0.019080715180808342,60.0,1.0,-0.0028621072771212513,0,0.0,1.0,1.0,-0.0,0
022100,2025,4,202504,포스코DX,00155212,CFS,,834391536739.0,572559763845.0,261831772894.0,0.4573003368865465,0.37658563972920645,830451826757.0,-0.28082918088520936,-0.30151021193265504,38729324411.0,-0.5316664490992036,-0.5867073464063641,35119861366.0,-0.47524630285495784,-0.4916394481131543,13274154483.0,0.4199578266864692,1.8899567000907327,2961912928.0,0.6623666900081522,1.2210267083124458,834391536739.0,0.015908783704684425,0.003549787836506418,0.04663644917519419,0.04641624789527874,0,1,13274154483.0,0.015908783704684425,72129,2026-03-31,True,passed,72129,1,0,4,2025,00155212,0.3891485146334353,0.3891485146334353,30.0,-0.5867073464063641,-0.15818535029449637,74.0,1.0,-0.15818535029449637,0.37658563972920645,-0.7276939621251348,63.0,1.0,0.5821551697001078,0.015908783704684425,-0.05205957685379467,49.0,0.6,-0.0078089365280692,0.6623666900081522,0.18008245496071318,20.0,1.0,-0.027012368244106976,0,0.0,1.0,0.6,-0.0,0
009150,2025,4,202504,삼성전기,00126371,CFS,,14595895255468.0,9797343882863.0,4798551372605.0,0.489780845704352,0.3986290257196428,8425423481425.0,0.09723382400192215,-0.07536700205641567,653053905842.0,0.28017045451511824,0.16006440858457638,506137732875.0,-0.12585666212809365,-1.1533640327395378,294405983022.0,0.11404029610156474,-0.38641911855248723,569769657966.0,2.402918989436156,2.785383842539142,14595895255468.0,0.020170464220871133,0.0390362939712485,0.07750992069202774,0.044742298736170305,0,0,294405983022.0,0.020170464220871133,2622,2026-03-31,True,passed,2622,0,0,4,2025,00126371,0.35126431339459685,0.35126431339459685,31.0,0.16006440858457638,-0.15093073167216223,35.0,1.0,-0.15093073167216223,0.3986290257196428,-0.691694731018818,59.0,1.0,0.5533557848150544,0.020170464220871133,0.08796053574872624,38.0,1.0,0.02199013393718156,2.402918989436156,0.487672491236513,5.0,1.0,-0.07315087368547694,0,0.0,1.0,1.0,-0.0,0
302440,2025,4,202504,SK바이오사이언스,01319899,CFS,,2955743509068.0,2037454202719.0,918289306349.0,0.45070426865228924,0.3720491410360144,500603550983.0,1.4313260040923086,0.9358406316747347,-104130697214.0,0.05376579672839199,-0.3012909048514487,-77255838835.0,1.7789985672879256,1.71281667261069,23664742479.0,-2.827794179495715,-1.6171450245638492,58439475841.0,0.19180142378808318,-2.4810191117278615,2955743509068.0,0.008006358605338501,0.019771497649140414,-0.20801030478015162,-0.03522995039810958,0,0,23664742479.0,0.008006358605338501,211,2026-03-31,True,passed,211,0,0,4,2025,01319899,0.34020612903036773,0.34020612903036773,32.0,-0.3012909048514487,-0.15541263236805344,65.0,1.0,-0.15541263236805344,0.3720491410360144,-0.7351025546589941,64.0,1.0,0.5880820437271953,0.008006358605338501,-0.3116985732639439,61.0,1.0,-0.07792464331598598,0.19180142378808318,0.09692426008525405,33.0,1.0,-0.014538639012788106,0,0.0,1.0,1.0,-0.0,0
100840,2025,4,202504,SNT에너지,00648721,CFS,,589839322838.0,364744033303.0,225095289535.0,0.6171322050058292,0.48065433668749946,457820946881.0,1.0383075257842291,1.0852600533981915,86996847532.0,4.0971468639461195,4.084069368219204,59509513638.0,0.6099153561241448,-0.9211218438705138,11320364085.0,0.048677353557393666,0.513187619378723,1173402894.0,0.1889469377745545,-0.3462074216847011,589839322838.0,0.01919228448610767,0.001989360235180991,0.19002373771817135,0.1474924511872427,0,0,11320364085.0,0.01919228448610767,29176,2026-03-31,True,passed,29176,0,0,4,2025,00648721,0.3328728800486281,0.3328728800486281,33.0,4.084069368219204,-0.11281043686449062,12.0,1.0,-0.11281043686449062,0.48065433668749946,-0.557738535388052,57.0,1.0,0.4461908283104416,0.01919228448610767,0.05582184396109347,41.0,1.0,0.013955460990273368,0.1889469377745545,0.09641981591730886,34.0,1.0,-0.014462972387596328,0,0.0,1.0,1.0,-0.0,0
036530,2025,4,202504,SNT홀딩스,00225159,CFS,,3262277587123.0,2393211855066.0,869065732057.0,0.36313781841642806,0.30978926162797615,1718781214926.0,0.24177124929340033,0.2601404063755284,234764972799.0,0.2590738405705222,-0.16776302366893558,155654886689.0,-0.22501684215219697,-0.9995689137672497,88913144.0,-0.9987356627269777,-0.6365292966572398,9344419120.0,1.341280137601125,-0.4455009355716668,3262277587123.0,2.7254928995301235e-05,0.002864385040955646,0.1365880489967465,0.07196351828724638,0,0,88913144.0,2.7254928995301235e-05,64992,2026-03-31,True,passed,64992,0,0,4,2025,00225159,0.32683506755733216,0.32683506755733216,34.0,-0.16776302366893558,-0.15411545709735883,60.0,1.0,-0.15411545709735883,0.30978926162797615,-0.8367796649012132,72.0,1.0,0.6694237319209706,2.7254928995301235e-05,-0.5738568910883991,72.0,1.0,-0.14346422277209978,1.341280137601125,0.3000598966278653,15.0,1.0,-0.045008984494179796,0,0.0,1.0,1.0,-0.0,0
028260,2025,4,202504,삼성물산,00149655,CFS,,86532745699428.0,57496949405446.0,29035796293982.0,0.5049971623578309,0.4087910127225372,30591290032065.0,-0.03780917521484839,-0.06590599471455838,2299317999906.0,0.02317104736194131,-0.0785271399169889,3022056973447.0,0.3662211500641357,0.2700523543724891,114829585036.0,-0.9202374174128498,-0.9831919852068207,698557819650.0,0.03614766385079604,0.7590587450542008,86532745699428.0,0.0013270072977328287,0.008072756896868207,0.07516250532409435,0.026571651937322024,0,0,114829585036.0,0.0013270072977328287,467,2026-03-31,True,passed,467,0,0,4,2025,00149655,0.2436299663401754,0.2436299663401754,35.0,-0.0785271399169889,-0.1532485626283049,52.0,1.0,-0.1532485626283049,0.4087910127225372,-0.6750991082422038,58.0,1.0,0.540079286593763,0.0013270072977328287,-0.5311527342810594,71.0,1.0,-0.13278818357026484,0.03614766385079604,0.06941716036678611,39.0,1.0,-0.010412574055017916,0,0.0,1.0,1.0,-0.0,0
005490,2025,4,202504,POSCO홀딩스,00155319,CFS,,105192437963565.0,62377691037383.0,42814746926182.0,0.6863791559793884,0.5225837192193716,51833844855646.0,-0.046589668205502366,0.018733146213553264,1188296676868.0,-0.16925955798293746,0.21820078957717237,117489912012.0,-0.739352097847044,-0.08733668461180044,1915391005581.0,-0.1486458936379278,-0.34022556389854053,1788687635633.0,-0.1927548467699003,-0.11586084779271122,105192437963565.0,0.01820844770461946,0.017003956465506953,0.022925111578686312,0.01129640780147699,0,0,1915391005581.0,0.01820844770461946,2411,2026-03-31,True,passed,2411,0,0,4,2025,00155319,0.2425741890183984,0.2425741890183984,36.0,0.21820078957717237,-0.15036595767078195,32.0,1.0,-0.15036595767078195,0.5225837192193716,-0.48926332325118227,55.0,1.0,0.3914106586009458,0.01820844770461946,0.023497286453027667,43.0,1.0,0.005874321613256917,-0.1927548467699003,0.028965556833482453,58.0,1.0,-0.004344833525022368,0,0.0,1.0,1.0,-0.0,0
004800,2025,4,202504,효성,00117188,CFS,,5387103885233.0,2857192993387.0,2529910891846.0,0.8854532744905586,0.6341682559138802,1819536924777.0,0.07343524057604678,0.42932316665066395,271167977457.0,0.5611540447740866,-1.9101592665339469,337122709879.0,1.3302482233957749,11.418961572915304,333713404397.0,0.32655989303555844,0.04838487230609689,121267877277.0,7.518822941606619,7.812126921834892,5387103885233.0,0.061946717848112634,0.022510773851868088,0.14903131327781874,0.05033650422081504,0,0,333713404397.0,0.061946717848112634,649,2026-03-31,True,passed,649,0,0,4,2025,00117188,0.2309578783635945,0.2309578783635945,37.0,-1.9101592665339469,-0.1710422090084925,81.0,1.0,-0.1710422090084925,0.6341682559138802,-0.30703371813971325,50.0,1.0,0.24562697451177062,0.061946717848112634,1.4605448284427014,6.0,1.0,0.36513620711067535,7.518822941606619,1.39175396166906,1.0,1.0,-0.208763094250359,0,0.0,1.0,1.0,-0.0,0
051910,2025,4,202504,LG화학,00356361,CFS,,101061661000000.0,47105545000000.0,53956116000000.0,1.1454302460570194,0.763340113178682,34735997000000.0,-0.041652078731753805,0.09029040503406671,501185000000.0,0.19774066656788758,0.9469919114967873,-1424347000000.0,1.8617263015773835,,2543234000000.0,-0.3982949394233627,-0.639168524629803,24671552000000.0,-7.237755540368786,-7.29501837377759,101061661000000.0,0.025165171191872653,0.24412375331927308,0.014428404055884735,0.004959200106556729,0,0,2543234000000.0,0.025165171191872653,20111,2026-03-31,True,passed,20111,0,0,4,2025,00356361,0.17899967266436567,0.17899967266436567,38.0,0.9469919114967873,-0.14328601442234726,16.0,1.0,-0.14328601442234726,0.763340113178682,-0.09608211823009677,42.0,1.0,0.07686569458407742,0.025165171191872653,0.25206467960463547,29.0,1.0,0.06301616990115887,-7.237755540368786,-1.2160254840098443,88.0,1.0,0.18240382260147664,0,0.0,1.0,1.0,-0.0,0
000270,2025,4,202504,기아,00106641,CFS,,98979055000000.0,61190464000000.0,37788591000000.0,0.6175568631086046,0.48091690171076623,85454882000000.0,0.05592573726003236,-0.033834230512894914,7615897000000.0,-0.22174466237455492,-0.3410526487624024,6131714000000.0,-0.1832104894944674,-0.32814067812882197,424492000000.0,-0.8342506014141873,-8.723132934347221,1624157000000.0,-0.06886681037448117,-0.45765130944134236,98979055000000.0,0.004288705322555363,0.01640909786418955,0.08912184794778606,0.07694453134554578,0,0,424492000000.0,0.004288705322555363,30121,2026-03-31,True,passed,30121,0,0,4,2025,00106641,0.17395894876788423,0.17395894876788423,39.0,-0.3410526487624024,-0.15579890338848912,66.0,1.0,-0.15579890338848912,0.48091690171076623,-0.5573097383349533,56.0,1.0,0.4458477906679627,0.004288705322555363,-0.4338443393051309,67.0,1.0,-0.10846108482628272,-0.06886681037448117,0.05085902456871084,51.0,1.0,-0.007628853685306625,0,0.0,1.0,1.0,-0.0,0
039440,2025,4,202504,에스티아이,00298340,CFS,,366268498846.0,286972864255.0,79295634591.0,0.27631753544662335,0.24397900619491372,257802669755.0,-0.0537549256290466,-0.1321919490215533,17434729372.0,-0.30031276475195423,-0.4056599263045656,12915062105.0,-0.505612248999752,-0.6843235364064847,-12700876497.0,3.7604023693874034,4.496262040377349,3381421860.0,-0.08229910885987257,-0.4862863729968978,366268498846.0,-0.03467640962031018,0.009232084852106654,0.0676281955829585,0.04760095238037532,0,0,-12700876497.0,-0.03467640962031018,29271,2026-03-31,True,passed,29271,0,0,4,2025,00298340,0.16318786869258056,0.16318786869258056,40.0,-0.4056599263045656,-0.15642653981911628,69.0,1.0,-0.15642653981911628,0.24397900619491372,-0.9442549228097946,77.0,1.0,0.7554039382478357,-0.03467640962031018,-1.714066955981255,85.0,1.0,-0.42851673899531373,-0.08229910885987257,0.04848527160550101,53.0,1.0,-0.007272790740825151,0,0.0,1.0,1.0,-0.0,0
003160,2025,4,202504,디아이,00118275,CFS,,373777690545.0,185897332896.0,187880357649.0,1.0106673114783706,0.69846666273297,323229794794.0,1.0241160408811925,1.0060865265924501,26502982822.0,4.4754809883899425,4.093940747094373,5852400180.0,0.10315837070580014,-2.0538055954519088,12008824866.0,11.940318808157986,12.905032547277534,1555390499.0,0.290005370872386,-5.753903302025839,373777690545.0,0.03212825476151372,0.0041612716284166315,0.081994244493738,0.07090573753440547,0,0,12008824866.0,0.03212825476151372,27212,2026-03-31,True,passed,27212,0,0,4,2025,00118275,0.15197587106555427,0.15197587106555427,41.0,4.093940747094373,-0.1127145399742597,11.0,1.0,-0.1127145399742597,0.69846666273297,-0.2020274723727228,46.0,1.0,0.16162197789817825,0.03212825476151372,0.4808410371421772,21.0,1.0,0.1202102592855443,0.290005370872386,0.11427884095939049,30.0,1.0,-0.01714182614390857,0,0.0,1.0,1.0,-0.0,0
032640,2025,4,202504,LG유플러스,00231363,CFS,,19681792000000.0,9067527000000.0,10614265000000.0,1.1705799166630548,0.7749943745512666,11440907000000.0,0.05700735236306942,0.05401260156316101,730461000000.0,0.18369188985973195,0.35399565271146993,460119000000.0,1.5602704281779483,2.1807862049154165,902034000000.0,0.2175350838002399,0.050545771280058105,578964000000.0,0.014706268961202085,0.2816168820435996,19681792000000.0,0.045830887756562,0.02941622388855649,0.06384642406410611,0.037113541287297415,0,0,902034000000.0,0.045830887756562,61220,2026-03-31,True,passed,61220,0,0,4,2025,00231363,0.13551094480471193,0.13551094480471193,42.0,0.35399565271146993,-0.14904675948696294,25.0,1.0,-0.14904675948696294,0.7749943745512666,-0.07704945016779831,38.0,1.0,0.06163956013423865,0.045830887756562,0.9310494015726611,11.0,1.0,0.23276235039316528,0.014706268961202085,0.06562804157152709,40.0,1.0,-0.009844206235729062,0,0.0,1.0,1.0,-0.0,0
011070,2025,4,202504,LG이노텍,00105961,CFS,,11930883000000.0,5763054000000.0,6167829000000.0,1.070236197682687,0.7276627059284975,16527172000000.0,0.06519050128334558,0.08576989765468035,461258000000.0,-0.19866646514237862,-0.08779048358082209,212873000000.0,-0.38167743809454646,-0.171113248701392,443986000000.0,-0.5821811584110338,-0.5345742228660032,200580000000.0,0.19411337468893985,0.8173935803607459,11930883000000.0,0.03721317190018543,0.01681183194906865,0.027909069984870975,0.038660843459784155,0,0,443986000000.0,0.03721317190018543,262,2026-03-31,True,passed,262,0,0,4,2025,00105961,0.11751653932518175,0.11751653932518175,43.0,-0.08779048358082209,-0.153338552675464,54.0,1.0,-0.153338552675464,0.7276627059284975,-0.15434717920715374,43.0,1.0,0.123477743365723,0.03721317190018543,0.6479090910770086,18.0,1.0,0.16197727276925214,0.19411337468893985,0.09733282756219576,32.0,1.0,-0.014599924134329364,0,0.0,1.0,1.0,-0.0,0
280360,2025,4,202504,롯데웰푸드,01258507,CFS,,4574000252553.0,2286729525823.0,2287270726730.0,1.0002366702755565,0.6932655086966735,3059170511993.0,0.03148891082752758,0.03621179842649125,40256442100.0,-0.5033610687002736,-0.34432999161044786,21446940178.0,-0.401097495332994,10.696543704703283,135439596819.0,1.1064348444341516,1.580865622770995,86826641648.0,0.010720740728022315,0.3269283223741315,4574000252553.0,0.029610754119089467,0.01898264907168234,0.013159267174608578,0.008801145578759134,0,0,135439596819.0,0.029610754119089467,108,2026-03-31,True,passed,108,0,0,4,2025,01258507,0.10237967006673243,0.10237967006673243,44.0,-0.34432999161044786,-0.15583074159380192,67.0,1.0,-0.15583074159380192,0.6932655086966735,-0.21052151889776324,47.0,1.0,0.16841721511821062,0.029610754119089467,0.3981270180855409,22.0,1.0,0.09953175452138523,0.010720740728022315,0.06492371986040996,42.0,1.0,-0.009738557979061493,0,0.0,1.0,1.0,-0.0,0
006400,2025,4,202504,삼성SDI,00126362,CFS,,42255338580919.0,23570113159830.0,18685225421089.0,0.7927507727427375,0.583751184818099,10214910044319.0,-0.19291713147454936,0.051925573326588315,-1131071980153.0,-5.846161001852961,-5.051368125700497,-590539660010.0,-2.711154188028079,-1.9502020267930467,332174443658.0,-0.11589920894127193,0.001484415502650882,669350654943.0,-0.7052579446653031,-1.1159978642055008,42255338580919.0,0.007861123702082891,0.015840617479876373,-0.11072755171075081,-0.02676755217537771,0,1,332174443658.0,0.007861123702082891,28202,2026-03-31,True,passed,28202,1,0,4,2025,00126362,0.07170830181939843,0.07170830181939843,45.0,-5.051368125700497,-0.20155792165301692,89.0,1.0,-0.20155792165301692,0.583751184818099,-0.3893702427946856,53.0,1.0,0.3114961942357485,0.007861123702082891,-0.3164703545906828,62.0,0.6,-0.04747055318860242,-0.7052579446653031,-0.06160388283512856,84.0,1.0,0.009240582425269284,0,0.0,1.0,0.6,-0.0,0
007070,2025,4,202504,GS리테일,00140177,CFS,,7483097413933.0,3276094767814.0,4207002646119.0,1.2841516940995439,0.825994705568856,8752003373270.0,0.020974071799792826,0.015121295343707652,180970440879.0,0.14201897653771378,0.5489389817591279,-40051719946.0,-1.5496009149353451,0.9146020747769588,311155317493.0,0.15026474512754384,-0.7392774716112345,49508285297.0,-0.5212078901728625,-0.6281409688215758,7483097413933.0,0.04158108605049705,0.006616015074829717,0.020677601819911576,0.024183894832378608,0,0,311155317493.0,0.04158108605049705,47122,2026-03-31,True,passed,47122,0,0,4,2025,00140177,0.05007204698792528,0.05007204698792528,46.0,0.5489389817591279,-0.14715295526129812,21.0,1.0,-0.14715295526129812,0.825994705568856,0.00623960096061758,32.0,1.0,-0.0049916807684940645,0.04158108605049705,0.7914195745217001,14.0,1.0,0.19785489363042502,-0.5212078901728625,-0.02907859591528301,71.0,1.0,0.004361789387292451,0,0.0,1.0,1.0,-0.0,0
003570,2025,4,202504,SNT다이내믹스,00134477,CFS,,1228607911035.0,866792976548.0,361814934487.0,0.417417935165934,0.348836860881011,560303426012.0,0.2431199249413074,-0.03905432861709013,65555534382.0,-0.2879726857311913,-2.797436446102674,44415332493.0,-0.4354766014319733,-1.6178539029785395,-40133505675.0,-3.9568796283468,-3.2132884479540293,12169464123.0,-0.46947049454541234,-25.598846178156094,1228607911035.0,-0.032665836931809154,0.009905083642793931,0.11700005985791706,0.05335757143772167,0,0,-40133505675.0,-0.032665836931809154,303,2026-03-31,True,passed,303,0,0,4,2025,00134477,0.029735030893888882,0.029735030893888882,47.0,-2.797436446102674,-0.17966178722238668,85.0,1.0,-0.17966178722238668,0.348836860881011,-0.7730107162348554,67.0,1.0,0.6184085729878843,-0.032665836931809154,-1.6480083640313903,84.0,1.0,-0.41200209100784757,-0.46947049454541234,-0.01993557424159209,70.0,1.0,0.0029903361362388138,0,0.0,1.0,1.0,-0.0,0
011170,2025,4,202504,롯데케미칼,00165413,CFS,,31117333049679.0,17628428467279.0,13488904582400.0,0.7651790746655281,0.5682521439726811,13696947117394.0,-0.10067176790407728,-0.10724476435667418,-810560985713.0,0.6869221619835906,0.40827524005547766,-2312605926900.0,0.7629512322340779,-16.45185927023283,-9140147802.0,-1.04271180791678,3.1160788345995263,379495641645.0,-0.06671502748729496,0.5773428129303426,31117333049679.0,-0.00029373172139809353,0.01219563517988939,-0.059178222618940686,-0.02604853649954303,0,0,-9140147802.0,-0.00029373172139809353,20111,2026-03-31,True,passed,20111,0,0,4,2025,00165413,0.02943935919113879,0.02943935919113879,48.0,0.40827524005547766,-0.14851945284671217,24.0,1.0,-0.14851945284671217,0.5682521439726811,-0.4146818511638587,54.0,1.0,0.33174548093108697,-0.00029373172139809353,-0.5844031032601658,73.0,1.0,-0.14610077581504144,-0.06671502748729496,0.0512392871879638,50.0,1.0,-0.00768589307819457,0,0.0,1.0,1.0,-0.0,0
272210,2025,4,202504,한화시스템,00339391,CFS,,10327265554498.0,5000999101579.0,5326266452919.0,1.0650404738599735,0.7251498261531104,2856413983603.0,0.31965602302736795,0.13831812287543643,97377730818.0,-0.40018618841577125,-2.3233395816473434,57348874200.0,-0.8688371937309745,-1.3169855165998854,265884290022.0,0.7226408130579032,1.1395921194792589,97572843947.0,-0.02819887879797478,-1.6409549422921794,10327265554498.0,0.025745855823974154,0.0094480812401016,0.0340909025711919,0.009429188230333393,0,0,265884290022.0,0.025745855823974154,26299,2026-03-31,True,passed,26299,0,0,4,2025,00339391,0.010783658676532429,0.010783658676532429,49.0,-2.3233395816473434,-0.17505610694768267,82.0,1.0,-0.17505610694768267,0.7251498261531104,-0.15845098339657343,44.0,1.0,0.12676078671725874,0.025745855823974154,0.27114342735791813,28.0,1.0,0.06778585683947953,-0.02819887879797478,0.05804585288348781,43.0,1.0,-0.008706877932523172,0,0.0,1.0,1.0,-0.0,0
007340,2025,4,202504,DN오토모티브,00116949,CFS,,5275680667000.0,2449662359000.0,2826018308000.0,1.1536358460247704,0.7671575050292163,2756969914000.0,0.06612157124266105,0.018291720480048568,409221365000.0,0.04134361459544067,-0.02121458081977523,246504796000.0,-0.04095056674326669,-0.17058730221629215,146323697000.0,1.2430059338254074,1.6261714430146053,49810874000.0,-0.3332187722083769,-1.2817957882717894,5275680667000.0,0.02773551058828709,0.00944160140540212,0.14843156717886477,0.07756750092167775,0,0,146323697000.0,0.02773551058828709,28202,2026-03-31,True,passed,28202,0,0,4,2025,00116949,0.002693798952524075,0.002693798952524075,50.0,-0.02121458081977523,-0.15269179175990844,49.0,1.0,-0.15269179175990844,0.7671575050292163,-0.08984790486966399,40.0,1.0,0.07187832389573119,0.02773551058828709,0.336514748150524,24.0,1.0,0.084128687037631,-0.3332187722083769,0.004142801472864564,65.0,1.0,-0.0006214202209296846,0,0.0,1.0,1.0,-0.0,0
373220,2025,4,202504,LG에너지솔루션,01515323,CFS,,67147953000000.0,29321676000000.0,37826277000000.0,1.290044846004028,0.8285714007822683,17971886000000.0,-0.041077078107253806,0.2245841211563755,744811000000.0,4.8587486627650875,5.769971196520679,-455293000000.0,1.0443770907703014,2.227303920038594,1752971000000.0,-0.4491526142744422,-0.6401319381335344,2372085000000.0,-0.30749181179282836,0.4922731101457525,67147953000000.0,0.02610609738170276,0.03532624442028784,0.041443118435093566,0.011092087944959394,0,0,1752971000000.0,0.02610609738170276,28202,2026-03-31,True,passed,28202,0,0,4,2025,01515323,-0.03534914977969458,-0.03534914977969458,51.0,5.769971196520679,-0.09643250784229365,8.0,1.0,-0.09643250784229365,0.8285714007822683,0.010447622655579235,31.0,1.0,-0.008358098124463389,0.02610609738170276,0.28297938345215884,27.0,1.0,0.07074484586303971,-0.30749181179282836,0.00868926450651498,64.0,1.0,-0.001303389675977247,0,0.0,1.0,1.0,-0.0,0
003030,2025,4,202504,세아제강지주,00124197,CFS,,6046779971967.0,2733117514567.0,3313662457400.0,1.212411262866966,0.7940829899168608,2836453215700.0,0.007597048497806069,0.060190168997032334,166039505186.0,-0.13621662852671335,0.4523331788113595,81639319812.0,-0.2534377931598275,0.40232880986917485,163237158005.0,0.09686457512187752,0.40518656872371117,150141419985.0,-0.22879444576673125,-0.3479622606648196,6046779971967.0,0.026995716523797942,0.02482997904356679,0.058537720370975196,0.027459161066842628,0,0,163237158005.0,0.026995716523797942,64992,2026-03-31,True,passed,64992,0,0,4,2025,00124197,-0.03672830907075812,-0.03672830907075812,52.0,0.4523331788113595,-0.14809144584079112,22.0,1.0,-0.14809144584079112,0.7940829899168608,-0.045875678754289086,37.0,1.0,0.03670054300343127,0.026995716523797942,0.31220836295364995,26.0,1.0,0.07805209073841249,-0.22879444576673125,0.02259664647873844,59.0,1.0,-0.0033894969718107656,0,0.0,1.0,1.0,-0.0,0
499790,2025,4,202504,GS피앤엘,01882845,CFS,,2458495051224.0,1258600788881.0,1199894262343.0,0.953355720847597,0.6695487760399094,359720651475.0,8.386902611304208,,58093327759.0,-1521.739198664779,,17160237758.0,-16.091881512219345,,32927158494.0,-8.119475521212841,,37638212179.0,1.7063819759311754,,2458495051224.0,0.013393217317076437,0.015309452081370361,0.16149567037865045,0.023629629732253205,0,0,32927158494.0,0.013393217317076437,64992,2026-03-31,True,passed,64992,0,0,4,2025,01882845,-0.041348633061709855,-0.041348633061709855,53.0,,-0.15238683409032583,42.0,1.0,-0.15238683409032583,0.6695487760399094,-0.24925350591500287,49.0,1.0,0.1994028047320023,0.013393217317076437,-0.1347100447887204,51.0,1.0,-0.0336775111971801,1.7063819759311754,0.3645806167080416,9.0,1.0,-0.054687092506206236,0,0.0,1.0,1.0,-0.0,0
002380,2025,4,202504,케이씨씨,00105271,CFS,,16803559405446.0,7824485732406.0,8979073673040.0,1.1475608723845123,0.7643327201716371,4860986955367.0,-0.03255368786384594,-0.09354479015496397,310351562363.0,-0.10248463448545919,-0.6454952260771015,1212157811404.0,2.611889119993442,-0.5178539266587943,377876142277.0,1.7168554975672805,2.2912311323559185,114486520557.0,0.6769839627708849,0.6940126450578186,16803559405446.0,0.022487863027075745,0.006813230327849178,0.06384538062179777,0.018469394184568756,0,0,377876142277.0,0.022487863027075745,20411,2026-03-31,True,passed,20411,0,0,4,2025,00105271,-0.06956240707950334,-0.06956240707950334,54.0,-0.6454952260771015,-0.15875645337087352,75.0,1.0,-0.15875645337087352,0.7643327201716371,-0.09446108375959208,41.0,1.0,0.07556886700767368,0.022487863027075745,0.16410008693217806,34.0,1.0,0.041025021733044516,0.6769839627708849,0.18266561632898679,19.0,1.0,-0.027399842449348018,0,0.0,1.0,1.0,-0.0,0
103590,2025,4,202504,일진전기,00683469,CFS,,1525996520000.0,588671403000.0,937325117000.0,1.592272212006874,0.9525347930401877,1594398520000.0,0.27973706837902457,-0.016437888845313164,115890278000.0,0.7811169984147184,0.33253637752007825,76303463000.0,,,71456493000.0,-0.35348091993665776,-1.617961334188878,9057808000.0,-0.6270423869070294,-1.7587776350196136,1525996520000.0,0.04682611792587836,0.005935667533501322,0.07268589160506747,0.07594399887622286,0,0,71456493000.0,0.04682611792587836,2830,2026-03-31,True,passed,2830,0,0,4,2025,00683469,-0.07146549692979859,-0.07146549692979859,55.0,0.33253637752007825,-0.14925522861609752,26.0,1.0,-0.14925522861609752,0.9525347930401877,0.2128932364352394,27.0,1.0,-0.17031458914819153,0.04682611792587836,0.9637482957867664,10.0,1.0,0.2409370739466916,-0.6270423869070294,-0.04778164591865923,79.0,1.0,0.007167246887798884,0,0.0,1.0,1.0,-0.0,0
030000,2025,4,202504,제일기획,00148276,CFS,,3587816549320.0,1588049835355.0,1999766713965.0,1.259259419599992,0.8150370691394679,3357971584765.0,0.026363202440126576,-0.04283826743568642,241001174155.0,0.07040671369904872,0.018731501287616803,143711915583.0,,,137927886826.0,-0.2655000467660138,-9.209363668364668,34719405466.0,4.457190024023569,4.515453359725451,3587816549320.0,0.03844340560058499,0.009677029187175243,0.07176986703771226,0.0671721005915637,0,0,137927886826.0,0.03844340560058499,71310,2026-03-31,True,passed,71310,0,0,4,2025,00148276,-0.09850254037299955,-0.09850254037299955,56.0,0.018731501287616803,-0.15230372996029057,41.0,1.0,-0.15230372996029057,0.8150370691394679,-0.011655403299239746,33.0,1.0,0.009324322639391798,0.03844340560058499,0.6883291696359466,16.0,1.0,0.17208229240898665,4.457190024023569,0.8507028364072494,2.0,1.0,-0.1276054254610874,0,0.0,1.0,1.0,-0.0,0
023530,2025,4,202504,롯데쇼핑,00120526,CFS,,37910298847681.0,16866196238190.0,21044102609491.0,1.2477088676248766,0.8099114163603447,10328292125862.0,-0.00863233355845261,0.028210264006321872,416526790941.0,0.309310180638678,0.44098399331295424,122300723633.0,-1.1222296791952853,9.195640590252374,741137148323.0,0.47722070845634845,0.53739695296646,198002520578.0,-0.05967989137119367,1.0817227882582658,37910298847681.0,0.019549757476215093,0.00522292164916848,0.04032871900456985,0.010987167170972572,0,0,741137148323.0,0.019549757476215093,47111,2026-03-31,True,passed,47111,0,0,4,2025,00120526,-0.12316145157436657,-0.12316145157436657,57.0,0.44098399331295424,-0.14820169909008019,23.0,1.0,-0.14820169909008019,0.8099114163603447,-0.02002614811341883,35.0,1.0,0.016020918490735066,0.019549757476215093,0.0675668370775621,40.0,1.0,0.016891709269390525,-0.05967989137119367,0.0524825349627465,48.0,1.0,-0.007872380244411975,0,0.0,1.0,1.0,-0.0,0
298040,2025,4,202504,효성중공업,01316245,CFS,,7227883006296.0,2489720957283.0,4738162049013.0,1.903089595302959,1.0657755475710486,4344375181552.0,0.15856336030347284,0.008720817469718423,527159296623.0,1.0997727717825554,0.5622582165766492,351071305235.0,1.3325056488750233,0.33916538143427255,440296306488.0,-0.04835820512558908,-0.8280807308554103,54176622848.0,0.6286785706597893,-1.524045075888769,7227883006296.0,0.060916357681007095,0.007495503565955386,0.12134294912224311,0.07293412139679167,0,0,440296306488.0,0.060916357681007095,281,2026-03-31,True,passed,281,0,0,4,2025,01316245,-0.1347320985324321,-0.1347320985324321,58.0,0.5622582165766492,-0.1470235636924598,20.0,1.0,-0.1470235636924598,1.0657755475710486,0.39782762422751444,24.0,1.0,-0.31826209938201155,0.060916357681007095,1.426691716725082,7.0,1.0,0.3566729291812705,0.6286785706597893,0.17412909759487494,21.0,1.0,-0.02611936463923124,0,0.0,1.0,1.0,-0.0,0
103140,2025,4,202504,풍산,00684714,CFS,,4329189509985.0,2298131546597.0,2031057963388.0,0.8837866424119741,0.633283922613829,3874419366998.0,0.13115972122098607,0.0589422060756668,254844813546.0,0.021775748231880554,-0.2459961151730803,114586278538.0,-0.3919428733857583,-0.7782503634535306,-81205326618.0,-2.1858012254735923,-1.3421355111586981,50286759811.0,-0.26009956073796514,-1.685168152483775,4329189509985.0,-0.018757628057331537,0.011615744631880122,0.06577625946141714,0.05886663380252046,0,0,-81205326618.0,-0.018757628057331537,242,2026-03-31,True,passed,242,0,0,4,2025,00684714,-0.2084142010728165,-0.2084142010728165,59.0,-0.2459961151730803,-0.15487546340278693,62.0,1.0,-0.15487546340278693,0.633283922613829,-0.30847792997075246,51.0,1.0,0.24678234397660198,-0.018757628057331537,-1.1910456786993915,82.0,1.0,-0.29776141967484787,-0.26009956073796514,0.01706441314522451,61.0,1.0,-0.0025596619717836765,0,0.0,1.0,1.0,-0.0,0
456040,2025,4,202504,OCI,01760738,CFS,,2275774798000.0,1164784174000.0,1110990624000.0,0.9538167231314048,0.6697847534852649,1533051002000.0,-0.05749555484841995,,10786325000.0,-0.8837353451233739,,-16256333000.0,-1.2146350596785074,,-30138608000.0,-1.5793819877122668,,23899499000.0,0.012848485454640013,,2275774798000.0,-0.013243229526263521,0.010501697716752727,0.0070358552885248365,0.004739627580672418,0,0,-30138608000.0,-0.013243229526263521,20129,2026-03-31,True,passed,20129,0,0,4,2025,01760738,-0.21555397877799473,-0.21555397877799473,60.0,,-0.15238683409032583,42.0,1.0,-0.15238683409032583,0.6697847534852649,-0.24886812924941631,48.0,1.0,0.19909450339953305,-0.013243229526263521,-1.009866751672218,80.0,1.0,-0.2524666879180545,0.012848485454640013,0.06529973446098304,41.0,1.0,-0.009794960169147457,0,0.0,1.0,1.0,-0.0,0
214320,2025,4,202504,이노션,00565154,CFS,,2781638255062.0,1093334133590.0,1688304121472.0,1.5441794686573955,0.9338081888455283,1654513378757.0,0.028571701795501614,0.020333434471596634,111472913915.0,0.015540202421846283,0.010176976196198506,75443822690.0,-0.0961166414520882,-0.23194982381250262,66958621256.0,-7.188686787402471,-6.041117465115493,6065147359.0,-0.9853710926541098,19.28523709849121,2781638255062.0,0.024071649551896012,0.0021804227591286176,0.06737504534339105,0.04007455452273228,0,0,66958621256.0,0.024071649551896012,71310,2026-03-31,True,passed,71310,0,0,4,2025,00565154,-0.22753546608536537,-0.22753546608536537,61.0,0.010176976196198506,-0.15238683409032583,42.0,1.0,-0.15238683409032583,0.9338081888455283,0.18231066837910917,28.0,1.0,-0.14584853470328735,0.024071649551896012,0.2161363591729979,32.0,1.0,0.054034089793249473,-0.9853710926541098,-0.11110541943332226,86.0,1.0,0.01666581291499834,0,0.0,1.0,1.0,-0.0,0
004690,2025,4,202504,삼천리,00128555,CFS,,4459314886311.0,1882344303995.0,2576970582316.0,1.3690219036160163,0.8624771710672171,4360612751591.0,0.047301611747255556,0.16330614664602006,136853484996.0,0.6413974114970036,1.0446097901386122,115295361133.0,0.1980576057715493,0.3615063952331665,52748478225.0,-1.7950464448602688,1.2037540352424139,31382409999.0,-0.5662531248046201,-1.833105271485409,4459314886311.0,0.01182883011624159,0.007037495848372646,0.0313840033023038,0.030689352172932786,0,0,52748478225.0,0.01182883011624159,35200,2026-03-31,True,passed,35200,0,0,4,2025,00128555,-0.2359646071829382,-0.2359646071829382,62.0,1.0446097901386122,-0.14233769189202294,15.0,1.0,-0.14233769189202294,0.8624771710672171,0.06581940904334735,30.0,1.0,-0.05265552723467788,0.01182883011624159,-0.18610894040815007,54.0,1.0,-0.04652723510203752,-0.5662531248046201,-0.03703898030533411,74.0,1.0,0.005555847045800116,0,0.0,1.0,1.0,-0.0,0
025980,2025,4,202504,아난티,00161781,CFS,,1610359434308.0,726361921905.0,883997512403.0,1.217020724440752,0.7961642785565411,184694609587.0,-0.06709596458288414,0.6190542187903237,-869370643.0,-0.9417265925240208,0.1394086200587079,-45195418766.0,0.04387547125522451,1.3485465113813329,6378475636.0,0.4364503115580407,1.1642504234889681,8797789693.0,1.7235788137861365,2.618332198316855,1610359434308.0,0.003960901833534414,0.005463245972027709,-0.004707071012760039,-0.000539861241210155,0,0,6378475636.0,0.003960901833534414,551,2026-03-31,True,passed,551,0,0,4,2025,00161781,-0.28344660405793476,-0.28344660405793476,63.0,0.1394086200587079,-0.15113139521774663,37.0,1.0,-0.15113139521774663,0.7961642785565411,-0.04247670952282381,36.0,1.0,0.033981367618259053,0.003960901833534414,-0.4446145228676665,68.0,1.0,-0.11115363071691663,1.7235788137861365,0.36761963827687055,8.0,1.0,-0.05514294574153058,0,0.0,1.0,1.0,-0.0,0
066570,2025,4,202504,LG전자,00401731,CFS,,68620167000000.0,28552025000000.0,40068142000000.0,1.4033380119273502,0.8768586093372623,67327108000000.0,0.027082332979597945,-0.004930220858126999,1789474000000.0,-0.32923106910388544,-0.374435726342092,759338000000.0,0.5152485078751863,0.7620633373857139,610150000000.0,-0.642944085915793,-0.7552886502989945,1197347000000.0,0.10179189437641645,0.029595302588328654,68620167000000.0,0.008891700890206227,0.01744890827794109,0.026578803889809138,0.026077960433993113,0,0,610150000000.0,0.008891700890206227,264,2026-03-31,True,passed,264,0,0,4,2025,00401731,-0.3103730866587728,-0.3103730866587728,64.0,-0.374435726342092,-0.15612320796302862,68.0,1.0,-0.15612320796302862,0.8768586093372623,0.08930585165017753,29.0,1.0,-0.07144468132014202,0.008891700890206227,-0.2826101125151605,60.0,1.0,-0.07065252812879012,0.10179189437641645,0.08101779497874696,37.0,1.0,-0.012152669246812044,0,0.0,1.0,1.0,-0.0,0
034220,2025,4,202504,LG디스플레이,00105873,CFS,,26916700000000.0,7839238000000.0,19077462000000.0,2.433586274584341,1.2336052760628478,18853104000000.0,-0.04753661782942209,-0.24387445695118615,85940000000.0,-1.1790427856840773,-0.4387696162826864,302560000000.0,-1.1460801316343439,-1.2958921317609169,1489151000000.0,0.09522569731737374,-1.5863568934739218,463056000000.0,0.04076004504170405,0.541062163238429,26916700000000.0,0.05532442684281506,0.017203297581055627,0.0045584005689461,0.003192813383512838,0,0,1489151000000.0,0.05532442684281506,2621,2026-03-31,True,passed,2621,0,0,4,2025,00105873,-0.3940710366883328,-0.3940710366883328,65.0,-0.4387696162826864,-0.15674818853157715,70.0,1.0,-0.15674818853157715,1.2336052760628478,0.6719117048269254,19.0,1.0,-0.5375293638615404,0.05532442684281506,1.2429654184595893,8.0,1.0,0.3107413546148973,0.04076004504170405,0.07023225940075105,38.0,1.0,-0.010534838910112657,0,0.0,1.0,1.0,-0.0,0
005300,2025,4,202504,롯데칠성음료,00120571,CFS,,4284698593709.0,1600295935394.0,2684402658315.0,1.6774414025203959,0.9848616379538394,2891973970360.0,-0.02280434545840604,-0.258841441427781,75353184622.0,-0.29050918840138185,-0.13065254644180535,-10780717533.0,-1.6942441381427285,-0.8515348775110185,52529892025.0,0.152597866718176,0.532342472539989,37158862429.0,-0.6202108311029564,-0.8055062737564584,4284698593709.0,0.012259880333736171,0.008672456560552107,0.02605596917340852,0.017586577672613228,0,0,52529892025.0,0.012259880333736171,11209,2026-03-31,True,passed,11209,0,0,4,2025,00120571,-0.4023045902795844,-0.4023045902795844,66.0,-0.13065254644180535,-0.15375494217780494,58.0,1.0,-0.15375494217780494,0.9848616379538394,0.2656864670890739,26.0,1.0,-0.21254917367125914,0.012259880333736171,-0.17194652261036125,53.0,1.0,-0.04298663065259031,-0.6202108311029564,-0.04657437481380043,77.0,1.0,0.006986156222070065,0,0.0,1.0,1.0,-0.0,0
042660,2025,4,202504,한화오션,00111704,CFS,,20140914014349.0,6175006995811.0,13965907018538.0,2.2616827848150116,1.1822432538585768,9760154415189.0,0.20900285795774964,-0.2610750277960501,877830931478.0,3.1349609838332446,4.9193994765716,976534368444.0,0.6192992029542619,10.046414002883804,806943016400.0,-4.168136597317637,-3.7277938144932374,319456331915.0,1.5642154401754191,0.24315225601694745,20140914014349.0,0.04006486576652426,0.015861064283746486,0.08994027083340989,0.04358446348823129,0,0,806943016400.0,0.04006486576652426,3111,2026-03-31,True,passed,3111,0,0,4,2025,00111704,-0.4406388224430196,-0.4406388224430196,67.0,4.9193994765716,-0.10469550573680861,9.0,1.0,-0.10469550573680861,1.1822432538585768,0.5880319729099901,20.0,1.0,-0.4704255783279921,0.04006486576652426,0.7416032323332762,15.0,1.0,0.18540080808331905,1.5642154401754191,0.3394569764102531,12.0,1.0,-0.05091854646153796,0,0.0,1.0,1.0,-0.0,0
377300,2025,4,202504,카카오페이,01244601,CFS,,5339580904646.0,1950906550511.0,3388674354135.0,1.7369742047600416,1.006853005374028,720021032732.0,0.24136037473117988,0.29875122169219304,34565884687.0,-1.6913327609918594,-1.7536947113846209,36541997837.0,5.098780530969341,6.505663742180761,88832120644.0,-3.176142272439776,2.514581952763846,6934038557.0,0.7792345226328492,1.3589302982657339,5339580904646.0,0.016636534258092552,0.0012986110110189833,0.04800677079646618,0.0064735201702673,0,0,88832120644.0,0.016636534258092552,66199,2026-03-31,True,passed,66199,0,0,4,2025,01244601,-0.4479503284154146,-0.4479503284154146,68.0,-1.7536947113846209,-0.16952221221169977,80.0,1.0,-0.16952221221169977,1.006853005374028,0.30160074624957905,25.0,1.0,-0.24128059699966325,0.016636534258092552,-0.028148888558950043,46.0,1.0,-0.007037222139737511,0.7792345226328492,0.20073531376209366,18.0,1.0,-0.03011029706431405,0,0.0,1.0,1.0,-0.0,0
298020,2025,4,202504,효성티앤씨,01316227,CFS,,5739089251365.0,1956911565949.0,3782177685416.0,1.9327279531826167,1.0759330319200164,5685042234882.0,-0.026497784776277733,-0.07732003515385388,195444350050.0,-0.03779398007994239,-0.2851677970824952,22534247152.0,,,95111283720.0,-0.609897109925277,-2.2638817025485456,64924683505.0,-0.28529799430294556,-1.4781245287831668,5739089251365.0,0.016572539571044043,0.011312715425981246,0.03437869798940143,0.03405494173200303,0,0,95111283720.0,0.016572539571044043,2050,2026-03-31,True,passed,2050,0,0,4,2025,01316227,-0.49624328807846974,-0.49624328807846974,69.0,-0.2851677970824952,-0.15525600218341026,64.0,1.0,-0.15525600218341026,1.0759330319200164,0.4144158936837555,22.0,1.0,-0.3315327149470044,0.016572539571044043,-0.030251473032953075,47.0,1.0,-0.007562868258238269,-0.28529799430294556,0.012611351265444862,63.0,1.0,-0.0018917026898167292,0,0.0,1.0,1.0,-0.0,0
298380,2025,4,202504,에이비엘바이오,01256864,CFS,,280934191003.0,156697416161.0,124236774842.0,0.7928450761073937,0.5838037860418026,77906720026.0,2.0592655937064293,2.6123110693487375,-17981218588.0,-0.5976181534134928,17.741805684422815,-16578264048.0,-0.6088324276071618,29.364269320113777,-23624991896.0,0.5186080601824221,0.621631681099445,,,,280934191003.0,-0.08409439880440796,,-0.23080446182305048,-0.0640050914550589,0,0,-23624991896.0,-0.08409439880440796,211,2026-03-31,True,passed,211,0,0,4,2025,01256864,-0.5118046710995933,-0.5118046710995933,70.0,17.741805684422815,0.019869552109733866,5.0,1.0,0.019869552109733866,0.5838037860418026,-0.3892843393128247,52.0,1.0,0.3114274714502598,-0.08409439880440796,-3.337725131169623,89.0,1.0,-0.8344312827924057,,0.057802745781207185,44.0,1.0,-0.008670411867181078,0,0.0,1.0,1.0,-0.0,0
028050,2025,4,202504,삼성E&A,00126308,CFS,,10039557572475.0,4446187475181.0,5593370097294.0,1.258014901197188,0.814486064995858,7033160016889.0,-0.08057480358136881,-0.019534067717049353,615531989285.0,-0.1981973597853195,-0.11244889533267255,490935958999.0,0.021876762376743075,0.13172276231525348,-260934308467.0,-1.216023108723967,6.359293578826277,33888391377.0,0.4043980592846692,-0.9996992408293837,10039557572475.0,-0.025990618270111003,0.003375486532385677,0.08751855322598934,0.061310668806021505,0,0,-260934308467.0,-0.025990618270111003,72129,2026-03-31,True,passed,72129,0,0,4,2025,00126308,-0.5208805380061204,-0.5208805380061204,71.0,-0.11244889533267255,-0.15357810026399638,57.0,1.0,-0.15357810026399638,0.814486064995858,-0.012555252601654522,34.0,1.0,0.010044202081323618,-0.025990618270111003,-1.4286899836161102,83.0,1.0,-0.35717249590402755,0.4043980592846692,0.13449429279613428,24.0,1.0,-0.020174143919420143,0,0.0,1.0,1.0,-0.0,0
008770,2025,4,202504,호텔신라,00165680,CFS,,3541423621707.0,1106221783430.0,2435201838277.0,2.201368545398108,1.1635783888176539,3042615376292.0,0.03796692825070669,-0.10856574167323951,2072236426.0,-0.8244182963057065,0.03422065253492579,-23689508821.0,-0.3792970098774857,1.0482365497747708,-20513045267.0,-1.5242574536004296,-1.1954692251258314,9327513785.0,-0.620158689701535,-1.4749312188661892,3541423621707.0,-0.0057923161581874,0.002633831696334608,0.0006810707794836068,0.0005851422047614745,0,0,-20513045267.0,-0.0057923161581874,47859,2026-03-31,True,passed,47859,0,0,4,2025,00165680,-0.7824742817693772,-0.7824742817693772,72.0,0.03422065253492579,-0.15215325843491231,39.0,1.0,-0.15215325843491231,1.1635783888176539,0.5575502315628162,21.0,1.0,-0.446040185250253,-0.0057923161581874,-0.7650624485746321,75.0,1.0,-0.19126561214365803,-0.620158689701535,-0.04656516039630781,76.0,1.0,0.006984774059446171,0,0.0,1.0,1.0,-0.0,0
001720,2025,4,202504,신영증권,00136721,CFS,,10379574597460.0,1832693975299.0,8546880622161.0,4.663561258647448,1.7340528919941396,1761279759115.0,-0.1679361177279346,,99124256154.0,-0.35032489304531056,,86642283831.0,-0.3789120407804466,,863113637907.0,12.621904927303524,,1413349984.0,1.260277261810713,,10379574597460.0,0.08315501081501102,0.00013616646527554827,0.05627967711603494,0.00954993436612102,0,0,863113637907.0,0.08315501081501102,66121,2026-03-31,True,passed,66121,0,0,4,2025,00136721,-0.8472669275863722,-0.8472669275863722,73.0,,-0.15238683409032583,42.0,1.0,-0.15238683409032583,1.7340528919941396,1.4891967349185862,10.0,1.0,-1.191357387934869,0.08315501081501102,2.157356229028287,3.0,1.0,0.5393390572570718,1.260277261810713,0.2857450854549951,17.0,1.0,-0.042861762818249265,0,0.0,1.0,1.0,-0.0,0
029780,2025,4,202504,삼성카드,00126292,CFS,,32174782000000.0,8863284000000.0,23311498000000.0,2.6301197163489287,1.2892656274433894,161181000000.0,-0.9539475333003085,-1.1275389841128303,834208000000.0,0.2609289782190183,0.19932723749688974,484233000000.0,-0.023512788566059206,-0.07864433880355459,213514000000.0,-1.2031337259213002,-4.5755435396117345,8826000000.0,-0.08001175375565794,0.36907541679551525,32174782000000.0,0.006636066718338604,0.00027431421291370365,5.175597620066881,0.02592738623683604,0,0,213514000000.0,0.006636066718338604,64913,2026-03-31,True,passed,64913,0,0,4,2025,00126292,-0.8573116767285762,-0.8573116767285762,74.0,0.19932723749688974,-0.1505493074312357,33.0,1.0,-0.1505493074312357,1.2892656274433894,0.7628110727224134,17.0,1.0,-0.6102488581779308,0.006636066718338604,-0.3567203489665786,65.0,1.0,-0.08918008724164465,-0.08001175375565794,0.0488894925184332,52.0,1.0,-0.007333423877764979,0,0.0,1.0,1.0,-0.0,0
071320,2025,4,202504,지역난방공사,00159698,CFS,,8228997000000.0,2301416000000.0,5927581000000.0,2.575623442263372,1.2741395503861992,3239987000000.0,0.08533966407380111,0.19325758811566585,440251000000.0,0.4720353786636817,0.6391665635406601,289865000000.0,0.6352406827305332,0.9134358358840003,-90974000000.0,0.16163454231061025,-0.11559280141584716,74549000000.0,-0.5971733371708234,-0.5740735247704221,8228997000000.0,-0.011055296289450586,0.009059305769585285,0.13588048347107565,0.05349995874345318,0,0,-90974000000.0,-0.011055296289450586,35300,2026-03-31,True,passed,35300,0,0,4,2025,00159698,-0.9648830090412182,-0.9648830090412182,75.0,0.6391665635406601,-0.14627642680308345,19.0,1.0,-0.14627642680308345,1.2741395503861992,0.7381085545180871,18.0,1.0,-0.5904868436144697,-0.011055296289450586,-0.937980870733525,78.0,1.0,-0.23449521768338125,-0.5971733371708234,-0.04250319373144112,75.0,1.0,0.006375479059716168,0,0.0,1.0,1.0,-0.0,0
010140,2025,4,202504,삼성중공업,00126478,CFS,,14948871093928.0,4095039935055.0,10853831158873.0,2.6504823716028603,1.2948593154660089,8015191892905.0,0.05739622054895599,-0.20933541397862032,624128418429.0,0.6303045050749088,-0.8008137266123234,395496196370.0,-23.559556112216548,-22.65127735862895,-75484301819.0,-1.109424293528295,11.040102599197157,55695833837.0,-0.14907237872736834,-0.7887615946743064,14948871093928.0,-0.005049498476822143,0.003725755174892289,0.07786818166904709,0.04175087299284501,0,0,-75484301819.0,-0.005049498476822143,3111,2026-03-31,True,passed,3111,0,0,4,2025,00126478,-0.9684891995482272,-0.9684891995482272,76.0,-0.8008137266123234,-0.16026531665988408,78.0,1.0,-0.16026531665988408,1.2948593154660089,0.7719461696603467,16.0,1.0,-0.6175569357282774,-0.005049498476822143,-0.7406567206011583,74.0,1.0,-0.18516418015028957,-0.14907237872736834,0.03668511339850749,54.0,1.0,-0.005502767009776123,0,0.0,1.0,1.0,-0.0,0
005090,2025,4,202504,SGC에너지,00125150,CFS,,3334276750783.0,759237085895.0,2575039664888.0,3.391614704717045,1.4796969737463304,1861744562204.0,0.026570723659354423,0.21095821382234037,70389639807.0,-0.5159791744972586,-2.602479114257487,-76342677397.0,-4.097538961081446,-1.8455421998141164,48430004850.0,-2.266767275707835,-10.803199361645955,4462738070.0,-0.5452872444946849,0.021381300667947745,3334276750783.0,0.014524890544441763,0.0013384426079664801,0.037808430456039696,0.021110917019851502,0,0,48430004850.0,0.014524890544441763,351,2026-03-31,True,passed,351,0,0,4,2025,00125150,-1.0561946503302568,-1.0561946503302568,77.0,-2.602479114257487,-0.17776784696458753,84.0,1.0,-0.17776784696458753,1.4796969737463304,1.0738060373082023,14.0,1.0,-0.8590448298465619,0.014524890544441763,-0.09752823068437821,50.0,1.0,-0.024382057671094554,-0.5452872444946849,-0.03333389434658048,73.0,1.0,0.005000084151987072,0,0.0,1.0,1.0,-0.0,0
000810,2025,4,202504,삼성화재해상보험,00139214,CFS,,96450389944868.0,21292379956314.0,75158009988554.0,3.529807853455423,1.510679522139583,3853835082181.0,0.12217695502386094,-0.09667635275537911,1995079405586.0,-3.780748740021239,-2.4763893975355655,1481791295472.0,-0.02657116491092515,-0.12006266576019942,1706715646717.0,2.2649676115458477,1.7432892788102463,40907750814.0,0.3070851518904256,0.4547678038199564,96450389944868.0,0.017695269533825376,0.00042413256014188516,0.5176867621582097,0.020685032032803675,0,1,1706715646717.0,0.017695269533825376,65121,2026-03-31,True,passed,65121,1,0,4,2025,00139214,-1.0926651407185375,-1.0926651407185375,78.0,-2.4763893975355655,-0.17654293078249816,83.0,1.0,-0.17654293078249816,1.510679522139583,1.1244038864932253,13.0,1.0,-0.8995231091945803,0.017695269533825376,0.006636504658892068,44.0,0.6,0.0009954756988338103,0.3070851518904256,0.11729717626861849,29.0,1.0,-0.01759457644029277,0,0.0,1.0,0.6,-0.0,0
298050,2025,4,202504,HS효성첨단소재,01316254,CFS,,3903414776514.0,826502232236.0,3076912544278.0,3.7228121404509604,1.5524044146520195,2482047848968.0,0.00010871307661863838,-0.02583580804019281,138117042761.0,-0.212965867565444,-0.49654430024783913,19127201059.0,-0.7479864553197669,-1.4541948315116486,26963731746.0,-0.7475335082820789,-0.5998083366739007,34768611325.0,-0.6761031144065461,-0.7675961404910951,3903414776514.0,0.006907729075637805,0.00890722951970034,0.05564640617965004,0.03538364500539894,0,0,26963731746.0,0.006907729075637805,205,2026-03-31,True,passed,205,0,0,4,2025,01316254,-1.1898264962706044,-1.1898264962706044,79.0,-0.49654430024783913,-0.15730944877661435,72.0,1.0,-0.15730944877661435,1.5524044146520195,1.1925451443332464,12.0,1.0,-0.9540361154665972,0.006907729075637805,-0.3477947165278203,64.0,1.0,-0.08694867913195507,-0.6761031144065461,-0.05645164736374806,83.0,1.0,0.008467747104562209,0,0.0,1.0,1.0,-0.0,0
032830,2025,4,202504,삼성생명,00126256,CFS,,350685701000000.0,64835318000000.0,285850383000000.0,4.408868373252985,1.688039897827616,20202317000000.0,0.07501075552615877,-1.9038231844795348,110716000000.0,-0.02197802197802201,-0.07699148876770712,1690568000000.0,0.09320269316027296,0.0805049748204194,1315463000000.0,-2.4639288035397913,-0.7884439432096353,66839000000.0,0.41470177369512773,0.5324400045404901,350685701000000.0,0.0037511167300203095,0.0001905951677225642,0.005480361485269239,0.00031571290099450047,0,0,1315463000000.0,0.0037511167300203095,65110,2026-03-31,True,passed,65110,0,0,4,2025,00126256,-1.417799738883947,-1.417799738883947,80.0,-0.07699148876770712,-0.15323364433051107,51.0,1.0,-0.15323364433051107,1.688039897827616,1.4140525437488203,11.0,1.0,-1.1312420349990562,0.0037511167300203095,-0.45150714039373574,69.0,1.0,-0.11287678509843393,0.41470177369512773,0.13631516303963684,23.0,1.0,-0.020447274455945526,0,0.0,1.0,1.0,-0.0,0
005830,2025,4,202504,DB손해보험,00159102,CFS,,74022307000000.0,10935289000000.0,63087018000000.0,5.76912215122984,1.9123714110468875,4952763000000.0,-0.04652559515013133,-0.6896577875455656,1942643000000.0,,,1462474000000.0,0.06043606291619796,0.0233104885887645,980894000000.0,0.44670407537365353,0.978479479970205,25877000000.0,-0.26242740086224725,-1.1339555760952602,74022307000000.0,0.013251329764688366,0.0003495838085673282,0.392234193317952,0.026244021278612674,0,0,980894000000.0,0.013251329764688366,65121,2026-03-31,True,passed,65121,0,0,4,2025,00159102,-1.6140558665176,-1.6140558665176,81.0,,-0.15238683409032583,42.0,1.0,-0.15238683409032583,1.9123714110468875,1.7804101438159805,9.0,1.0,-1.4243281150527844,0.013251329764688366,-0.13937184686112225,52.0,1.0,-0.03484296171528056,-0.26242740086224725,0.016653037728060947,62.0,1.0,-0.002497955659209142,0,0.0,1.0,1.0,-0.0,0
000370,2025,4,202504,한화손해보험,00135917,CFS,,20492834690000.0,2707580443000.0,17785254247000.0,6.568689138297192,2.02401988710407,829575512000.0,-0.0537363199790325,5.460538639155049,365734123000.0,0.1608050385041624,-0.07946089775134535,256627771000.0,0.11112273829539054,-0.19455051012026692,-142481814000.0,-1.205841899799479,-1.391563355385668,11033001000.0,-0.41720420196326025,-0.6027974944023329,20492834690000.0,-0.006952762570691483,0.0005383833504197364,0.44086899590160517,0.017846926915311978,0,0,-142481814000.0,-0.006952762570691483,65121,2026-03-31,True,passed,65121,0,0,4,2025,00135917,-1.9226455117066525,-1.9226455117066525,82.0,-0.07946089775134535,-0.15325763374933835,53.0,1.0,-0.15325763374933835,2.02401988710407,1.9627441688153333,8.0,1.0,-1.5701953350522668,-0.006952762570691483,-0.8031896232257726,77.0,1.0,-0.20079740580644315,-0.41720420196326025,-0.010699086009305725,68.0,1.0,0.0016048629013958586,0,0.0,1.0,1.0,-0.0,0
001450,2025,4,202504,현대해상,00164973,CFS,,50429646840633.0,5157512762473.0,45272134078160.0,8.777900542984261,2.2801247925956485,2366924988275.0,-0.17198866127312884,-0.8132540147735384,-305663195881.0,0.007909921010536891,0.2722446988655307,389997759123.0,-0.3889547618712844,-1.230017555515075,1402216676469.0,-5.0741756580898905,-2.576450668121308,13981649492.0,0.3126339164254315,-0.2846287256829083,50429646840633.0,0.027805403454445432,0.00027725059301296706,-0.1291393674895314,-0.006061180575920989,0,0,1402216676469.0,0.027805403454445432,65121,2026-03-31,True,passed,65121,0,0,4,2025,00164973,-1.9876727445073918,-1.9876727445073918,83.0,0.2722446988655307,-0.14984094055795366,28.0,1.0,-0.14984094055795366,2.2801247925956485,2.3809911515725526,5.0,1.0,-1.9047929212580421,0.027805403454445432,0.33881112089654125,23.0,1.0,0.08470278022413531,0.3126339164254315,0.11827775277020894,28.0,1.0,-0.01774166291553134,0,0.0,1.0,1.0,-0.0,0
005940,2025,4,202504,NH투자증권,00120182,CFS,,83385398000000.0,9438104000000.0,73947294000000.0,7.834973422628104,2.1787180975756355,74313000000.0,0.02536046912728529,-0.12467126682955376,1029235000000.0,0.44377844113141696,0.269997335872852,748418000000.0,0.40506291091094093,0.22739764449484534,-500259000000.0,-0.5851296213365179,-0.757537178368659,6826000000.0,-0.6228312520720521,-0.7386142360424591,83385398000000.0,-0.005999359744016572,8.186085530226767e-05,13.849999327170213,0.012343108322154918,0,0,-500259000000.0,-0.005999359744016572,66121,2026-03-31,True,passed,66121,0,0,4,2025,00120182,-2.1080798518913926,-2.1080798518913926,84.0,0.269997335872852,-0.14986277287995683,29.0,1.0,-0.14986277287995683,2.1787180975756355,2.2153830616295167,6.0,1.0,-1.7723064493036134,-0.005999359744016572,-0.7718649918650828,76.0,1.0,-0.1929662479662707,-0.6228312520720521,-0.04703745505632283,78.0,1.0,0.007055618258448424,0,0.0,1.0,1.0,-0.0,0
316140,2025,4,202504,우리금융지주,01350869,CFS,,601457286000000.0,37859248000000.0,563598038000000.0,14.886667532329222,2.3978952727983707,514368000000.0,-0.7604439700219637,-0.8761019918542708,2686778000000.0,-0.12715058854793226,-0.47676122664897047,1936004000000.0,-0.1412678072345377,-0.4606264366176407,11774103000000.0,5.604939019567255,6.323212705255044,270840000000.0,1.9345670852610706,2.3640189960930336,601457286000000.0,0.019575958715711692,0.0004503062915759574,5.22345480278711,0.004467113563239801,0,0,11774103000000.0,0.019575958715711692,64992,2026-03-31,True,passed,64992,0,0,4,2025,01350869,-2.2594046124906395,-2.2594046124906395,85.0,-0.47676122664897047,-0.15711726334220527,71.0,1.0,-0.15711726334220527,2.3978952727983707,2.57332307082303,1.0,1.0,-2.058658456658424,0.019575958715711692,0.06842769478163097,39.0,1.0,0.01710692369540774,1.9345670852610706,0.40490544123612127,7.0,1.0,-0.060735816185418186,0,0.0,1.0,1.0,-0.0,0
105560,2025,4,202504,KB금융,00688996,CFS,,797923033000000.0,60829989000000.0,737093044000000.0,12.117264134307176,2.3978952727983707,9233205000000.0,0.08053195678670289,0.024605404810180476,8181107000000.0,0.13093360866504167,-0.6625198114938962,4185487000000.0,0.21934604626799703,0.15381490992954694,7427006000000.0,-8.527757506466548,-8.351647077326081,218773000000.0,-0.18025397277417854,-0.49881307792136087,797923033000000.0,0.009307922810645321,0.00027417807351351394,0.8860527844881598,0.010253002685285312,0,0,7427006000000.0,0.009307922810645321,64992,2026-03-31,True,passed,64992,0,0,4,2025,00688996,-2.2894902259083714,-2.2894902259083714,86.0,-0.6625198114938962,-0.15892184108616506,76.0,1.0,-0.15892184108616506,2.3978952727983707,2.57332307082303,1.0,1.0,-2.058658456658424,0.009307922810645321,-0.2689348874610621,59.0,1.0,-0.06723372186526552,-0.18025397277417854,0.03117470865677836,56.0,1.0,-0.0046762062985167534,0,0.0,1.0,1.0,-0.0,0
003530,2025,4,202504,한화투자증권,00148610,CFS,,17357936000000.0,2068209000000.0,15289727000000.0,7.392737871269296,2.1273667927851694,2625186000000.0,0.2901580153126406,-0.07265947702168418,110045000000.0,,,80557000000.0,1.269278449498246,0.7679337587362725,-919928000000.0,-0.10597922476305432,-0.02593470419446431,2166000000.0,-0.6303507964405508,-1.8904411726929387,17357936000000.0,-0.052997545330274294,0.0001247844213736011,0.04191893450597405,0.006339751454320376,0,0,-919928000000.0,-0.052997545330274294,66121,2026-03-31,True,passed,66121,0,0,4,2025,00148610,-2.4293533149086275,-2.4293533149086275,87.0,,-0.15238683409032583,42.0,1.0,-0.15238683409032583,2.1273667927851694,2.1315208324073396,7.0,1.0,-1.7052166659258718,-0.052997545330274294,-2.3160190439830703,88.0,1.0,-0.5790047609957676,-0.6303507964405508,-0.04836630735558674,80.0,1.0,0.00725494610333801,0,0.0,1.0,1.0,-0.0,0
016360,2025,4,202504,삼성증권,00104856,CFS,,79683213004622.0,8068055959870.0,71615157044752.0,8.876383282535627,2.2901463802211186,11506102352.0,-0.27769687966557755,-1.1342742241799533,973860768043.0,0.10461380434170753,-0.5287171627102913,698052367809.0,0.059703056488710216,-0.602091802251125,-3060187551204.0,-4.549700237297239,-2.8566351090552446,11547364339.0,-0.38303073917375663,-0.9203365582334131,79683213004622.0,-0.03840441964892272,0.00014491589763492843,84.63863246216671,0.012221655369073929,0,0,-3060187551204.0,-0.03840441964892272,66121,2026-03-31,True,passed,66121,0,0,4,2025,00104856,-2.533947242121702,-2.533947242121702,88.0,-0.5287171627102913,-0.15762199654719347,73.0,1.0,-0.15762199654719347,2.2901463802211186,2.397357486995705,4.0,1.0,-1.917885989596564,-0.03840441964892272,-1.836552999223354,86.0,1.0,-0.4591382498058385,-0.38303073917375663,-0.0046599588526282315,67.0,1.0,0.0006989938278942347,0,0.0,1.0,1.0,-0.0,0
003470,2025,4,202504,유안타증권,00117601,CFS,,20030123636000.0,1905932821000.0,18124190815000.0,9.509354482646794,2.3522657636540694,2746622317000.0,0.3461252016122962,0.3722383303943011,60278209000.0,-0.2124790684421881,-0.022802768640347693,65884896000.0,0.26282557270193263,-0.07391680894468222,-846257533000.0,0.961684133153534,-6.012750479248977,3134626000.0,-0.6529853902149467,-0.47389392437487843,20030123636000.0,-0.04224924161122138,0.00015649558919177906,0.021946304239542812,0.003009377779958502,0,0,-846257533000.0,-0.04224924161122138,66121,2026-03-31,True,passed,66121,0,0,4,2025,00117601,-2.634615641383433,-2.634615641383433,89.0,-0.022802768640347693,-0.15270722043254084,50.0,1.0,-0.15270722043254084,2.3522657636540694,2.4988051521300414,3.0,1.0,-1.9990441217040331,-0.04224924161122138,-1.9628769697915216,87.0,1.0,-0.4907192424478804,-0.6529853902149467,-0.05236628800681015,82.0,1.0,0.007854943201021522,0,0.0,1.0,1.0,-0.0,0
