ticker,name,score,score_rank,industry4,is_current,is_target,action,reason
003160,디아이,0.3154422910000088,11.0,27212,0,0,CHECK,후보군 참고용 (비보유/비선정)
052400,코나아이,0.3151946963527535,12.0,58221,0,0,CHECK,후보군 참고용 (비보유/비선정)
030190,NICE평가정보,0.3038310293949879,13.0,63991,0,0,CHECK,후보군 참고용 (비보유/비선정)
026960,동서,0.2765241120598931,14.0,4632,0,0,CHECK,후보군 참고용 (비보유/비선정)
281820,케이씨텍,0.2549708742842465,15.0,272,0,0,CHECK,후보군 참고용 (비보유/비선정)
004000,롯데정밀화학,0.2479303107197641,16.0,20119,0,0,CHECK,후보군 참고용 (비보유/비선정)
064960,SNT모티브,0.2429857208517931,17.0,303,0,0,CHECK,후보군 참고용 (비보유/비선정)
004800,효성,0.2053164676973222,19.0,649,0,0,CHECK,후보군 참고용 (비보유/비선정)
114810,한솔아이원스,0.1995798095794668,20.0,2927,0,0,CHECK,후보군 참고용 (비보유/비선정)
000100,유한양행,0.1935399647070044,21.0,212,0,0,CHECK,후보군 참고용 (비보유/비선정)
166090,하나머티리얼즈,0.1788866451979868,22.0,2612,0,0,CHECK,후보군 참고용 (비보유/비선정)
018260,삼성에스디에스,0.1660495763066042,23.0,62021,0,0,CHECK,후보군 참고용 (비보유/비선정)
036530,SNT홀딩스,0.1495017593549606,24.0,64992,0,0,CHECK,후보군 참고용 (비보유/비선정)
086450,동국제약,0.1430600617999637,25.0,212,0,0,CHECK,후보군 참고용 (비보유/비선정)
004370,농심,0.1372524147038299,26.0,108,0,0,CHECK,후보군 참고용 (비보유/비선정)
012750,에스원,0.1368807493044535,27.0,75320,0,0,CHECK,후보군 참고용 (비보유/비선정)
006650,대한유화,0.1183891985081718,28.0,20111,0,0,CHECK,후보군 참고용 (비보유/비선정)
035420,NAVER,0.1172902412447396,29.0,63120,0,0,CHECK,후보군 참고용 (비보유/비선정)
012330,현대모비스,0.1064051816781549,30.0,303,0,0,CHECK,후보군 참고용 (비보유/비선정)
020150,롯데에너지머티리얼즈,0.0894102888142162,31.0,2629,0,0,CHECK,후보군 참고용 (비보유/비선정)
045100,한양이엔지,0.0778173505758735,32.0,721,0,0,CHECK,후보군 참고용 (비보유/비선정)
009150,삼성전기,0.0595880521771703,33.0,2622,0,0,CHECK,후보군 참고용 (비보유/비선정)
090360,로보스타,0.0162578612784447,34.0,29280,0,0,CHECK,후보군 참고용 (비보유/비선정)
207940,삼성바이오로직스,0.0152158140728382,35.0,211,0,0,CHECK,후보군 참고용 (비보유/비선정)
005490,POSCO홀딩스,0.0132867539449408,36.0,2411,0,0,CHECK,후보군 참고용 (비보유/비선정)
025980,아난티,0.0034739184522793,37.0,551,0,0,CHECK,후보군 참고용 (비보유/비선정)
028260,삼성물산,-0.0073899586353741,38.0,467,0,0,CHECK,후보군 참고용 (비보유/비선정)
373220,LG에너지솔루션,-0.015159836649195,39.0,28202,0,0,CHECK,후보군 참고용 (비보유/비선정)
022100,포스코DX,-0.0201193933421339,40.0,72129,0,0,CHECK,후보군 참고용 (비보유/비선정)
011070,LG이노텍,-0.0227861545777179,41.0,262,0,0,CHECK,후보군 참고용 (비보유/비선정)
032640,LG유플러스,-0.0275045944654329,42.0,61220,0,0,CHECK,후보군 참고용 (비보유/비선정)
000270,기아,-0.0310639838981154,43.0,30121,0,0,CHECK,후보군 참고용 (비보유/비선정)
042700,한미반도체,-0.0370087101534871,44.0,29271,0,0,CHECK,후보군 참고용 (비보유/비선정)
280360,롯데웰푸드,-0.0466222301353457,45.0,108,0,0,CHECK,후보군 참고용 (비보유/비선정)
039440,에스티아이,-0.0560911774638783,46.0,29271,0,0,CHECK,후보군 참고용 (비보유/비선정)
272210,한화시스템,-0.0637502623725136,47.0,26299,0,0,CHECK,후보군 참고용 (비보유/비선정)
051910,LG화학,-0.0712489323982353,48.0,20111,0,0,CHECK,후보군 참고용 (비보유/비선정)
007070,GS리테일,-0.0813020823833531,49.0,47122,0,0,CHECK,후보군 참고용 (비보유/비선정)
006400,삼성SDI,-0.0834715691079374,50.0,28202,0,0,CHECK,후보군 참고용 (비보유/비선정)
499790,GS피앤엘,-0.0918843417871288,51.0,64992,0,0,CHECK,후보군 참고용 (비보유/비선정)
003030,세아제강지주,-0.09734642811441,52.0,64992,0,0,CHECK,후보군 참고용 (비보유/비선정)
007340,DN오토모티브,-0.0976754840069317,53.0,28202,0,0,CHECK,후보군 참고용 (비보유/비선정)
003570,SNT다이내믹스,-0.1025360664752414,54.0,303,0,0,CHECK,후보군 참고용 (비보유/비선정)
030000,제일기획,-0.1092423113290875,55.0,71310,0,0,CHECK,후보군 참고용 (비보유/비선정)
011170,롯데케미칼,-0.1125005576308296,56.0,20111,0,0,CHECK,후보군 참고용 (비보유/비선정)
023530,롯데쇼핑,-0.1413102185990308,57.0,47111,0,0,CHECK,후보군 참고용 (비보유/비선정)
004690,삼천리,-0.1471707917382927,58.0,35200,0,0,CHECK,후보군 참고용 (비보유/비선정)
103590,일진전기,-0.1487062471637857,59.0,2830,0,0,CHECK,후보군 참고용 (비보유/비선정)
002380,케이씨씨,-0.1555340441756911,60.0,20411,0,0,CHECK,후보군 참고용 (비보유/비선정)
298040,효성중공업,-0.1567711487764386,61.0,281,0,0,CHECK,후보군 참고용 (비보유/비선정)
103140,풍산,-0.1629486432771533,62.0,242,0,0,CHECK,후보군 참고용 (비보유/비선정)
456040,OCI,-0.1795348943084338,63.0,20129,0,0,CHECK,후보군 참고용 (비보유/비선정)
377300,카카오페이,-0.1972809064103025,64.0,66199,0,0,CHECK,후보군 참고용 (비보유/비선정)
214320,이노션,-0.2040035916782887,65.0,71310,0,0,CHECK,후보군 참고용 (비보유/비선정)
100790,미래에셋벤처투자,-0.2118513270445018,66.0,649,0,0,CHECK,후보군 참고용 (비보유/비선정)
066570,LG전자,-0.2332329936450634,67.0,264,0,0,CHECK,후보군 참고용 (비보유/비선정)
028050,삼성E&A,-0.3143672554045076,68.0,72129,0,0,CHECK,후보군 참고용 (비보유/비선정)
042660,한화오션,-0.3367733087228373,69.0,3111,0,0,CHECK,후보군 참고용 (비보유/비선정)
298020,효성티앤씨,-0.3443287333506478,70.0,2050,0,0,CHECK,후보군 참고용 (비보유/비선정)
034220,LG디스플레이,-0.362485150192843,71.0,2621,0,0,CHECK,후보군 참고용 (비보유/비선정)
005300,롯데칠성음료,-0.3636444694144093,72.0,11209,0,0,CHECK,후보군 참고용 (비보유/비선정)
071320,지역난방공사,-0.4519118607709189,73.0,35300,0,0,CHECK,후보군 참고용 (비보유/비선정)
001720,신영증권,-0.4711352986971842,74.0,66121,0,0,CHECK,후보군 참고용 (비보유/비선정)
008770,호텔신라,-0.4749087203452757,75.0,47859,0,0,CHECK,후보군 참고용 (비보유/비선정)
005090,SGC에너지,-0.5111278932245684,76.0,351,0,0,CHECK,후보군 참고용 (비보유/비선정)
010140,삼성중공업,-0.5882069009661013,77.0,3111,0,0,CHECK,후보군 참고용 (비보유/비선정)
000810,삼성화재해상보험,-0.6169478022235793,78.0,65121,0,0,CHECK,후보군 참고용 (비보유/비선정)
298050,HS효성첨단소재,-0.6338321492295458,79.0,205,0,0,CHECK,후보군 참고용 (비보유/비선정)
029780,삼성카드,-0.833839759764662,80.0,64913,0,0,CHECK,후보군 참고용 (비보유/비선정)
005830,DB손해보험,-1.0284947874075607,81.0,65121,0,0,CHECK,후보군 참고용 (비보유/비선정)
005940,NH투자증권,-1.0587483793910002,82.0,66121,0,0,CHECK,후보군 참고용 (비보유/비선정)
105560,KB금융,-1.094518542695145,83.0,64992,0,0,CHECK,후보군 참고용 (비보유/비선정)
003470,유안타증권,-1.11919511373852,84.0,66121,0,0,CHECK,후보군 참고용 (비보유/비선정)
003530,한화투자증권,-1.1695158631819342,85.0,66121,0,0,CHECK,후보군 참고용 (비보유/비선정)
001450,현대해상,-1.2283039944129457,86.0,65121,0,0,CHECK,후보군 참고용 (비보유/비선정)
032830,삼성생명,-1.3249814754751144,87.0,65110,0,0,CHECK,후보군 참고용 (비보유/비선정)
316140,우리금융지주,-1.3502593714064837,88.0,64992,0,0,CHECK,후보군 참고용 (비보유/비선정)
016360,삼성증권,-1.5631650823924783,89.0,66121,0,0,CHECK,후보군 참고용 (비보유/비선정)
