ticker,industry,cap_bucket,peer_count,revenue_growth,peer_revenue_growth_median,revenue_growth_diff,revenue_growth_pctile,op_growth,peer_op_growth_median,op_growth_diff,op_growth_pctile,quality_score,peer_quality_score_median,quality_score_diff,quality_score_pctile,final_score,peer_final_score_median,final_score_diff,final_score_pctile,explain_text,CFO_safe,Debt_to_Equity_log,OpIncome_ttm_yoy,Revenue_ttm_yoy,CFO_safe__raw,Debt_to_Equity_log__raw,OpIncome_ttm_yoy__raw,Revenue_ttm_yoy__raw,final_score_feat,peer_revenue_growth_mean,peer_op_growth_mean,peer_quality_score_mean,peer_final_score_mean
036530,ALL,2.0,473,0.0,-0.010707339376961052,0.010707339376961052,0.5161290322580645,0.0,-0.013341388105592069,0.013341388105592069,0.5161290322580645,0.00038756458537486617,0.04729912440623113,-0.04691155982085626,0.2468354430379747,1.1836205244907498,0.6345651410305435,0.5490553834602063,0.609704641350211,"성장성은 peer 대비 매출 양호, 영업이익 양호 수준 / 품질은 peer 대비 열위 수준 / 종합 점수는 peer 상위 40%권",0.0,0.0,0.0,0.0,0.0,0.0015502583414994647,0.13565758683828455,0.13027055462620618,1.1836205244907498,0.03803692768637366,-0.20218446710223073,0.028623746511974874,-1.3166757205683952
115180,ALL,,473,-0.09232739484570857,-0.007395051278607267,-0.0849323435671013,0.41687344913151364,0.153466321837332,-0.013341388105592069,0.16680770994292407,0.7096774193548387,0.09538448318643088,0.04726048177711495,0.04812400140931593,0.8734177215189873,1.1449233529741842,0.6345651410305435,0.5103582119436407,0.6075949367088608,"성장성은 peer 대비 매출 보통 이하, 영업이익 양호 수준 / 품질은 peer 대비 우수 수준 / 종합 점수는 peer 상위 40%권",0.0,0.35630713103126455,0.153466321837332,-0.09232739484570857,0.0,0.02523080171445894,0.09976136267092128,0.04225856334200517,1.1449233529741842,0.038266597822805774,-0.2025662241217266,0.028422907360598434,-1.3165939083664573
196170,ALL,,473,0.6473860583674278,-0.010707339376961052,0.6580933977443888,0.8610421836228288,-1.2054509305911503,-0.011703963047537302,-1.193746967543613,0.0967741935483871,0.09622650964662921,0.04726048177711495,0.04896602786951426,0.8776371308016878,1.1392415500483515,0.6345651410305435,0.504676409017808,0.6054852320675106,"성장성은 peer 대비 매출 우수, 영업이익 열위 수준 / 품질은 peer 대비 우수 수준 / 종합 점수는 peer 상위 40%권",0.0,0.364205318090458,-1.2054509305911503,0.6473860583674278,0.0,0.020700720496058894,-0.8268264992348384,0.19285786547568806,1.1392415500483515,0.03642651460585767,-0.19918583294653136,0.02842112717780732,-1.316581896098115
192080,ALL,,473,-0.11621597424587349,-0.007395051278607267,-0.10882092296726623,0.38957816377171217,0.08489457690526221,-0.013341388105592069,0.09823596501085428,0.6203473945409429,0.096352908371106,0.04726048177711495,0.049092426593991045,0.879746835443038,1.1075868845739494,0.6345651410305435,0.47302174354340587,0.5970464135021097,"성장성은 peer 대비 매출 보통 이하, 영업이익 양호 수준 / 품질은 peer 대비 우수 수준 / 종합 점수는 peer 상위 41%권",0.0,0.36539093495305147,0.08489457690526221,-0.11621597424587349,0.0,0.020020698531372533,0.05300520705496514,0.037395053869515804,1.1075868845739494,0.03832602214967185,-0.20239564764179604,0.028420859950060013,-1.3165149729152938
002790,ALL,,473,-1.4699084259932533,-0.007395051278607267,-1.4625133747146462,0.03225806451612903,-0.38627528209373657,-0.011703963047537302,-0.3745713190461993,0.2704714640198511,0.09193642098723154,0.04726048177711495,0.04467593921011659,0.8375527426160337,1.0940019729604094,0.6345651410305435,0.45943683192986584,0.5928270042194093,"성장성은 peer 대비 매출 열위, 영업이익 보통 이하 수준 / 품질은 peer 대비 우수 수준 / 종합 점수는 peer 상위 42%권",0.0,0.3239643941597947,-0.38627528209373657,-1.4699084259932533,0.0,0.04378128978913141,-0.268265474779503,-0.23820509596046058,1.0940019729604094,0.041693416308247425,-0.2012235833159279,0.028430197132689766,-1.3164862521719252
000240,ALL,,473,-0.09968576884202714,-0.007395051278607267,-0.09229071756341987,0.4119106699751861,0.1243693739918596,-0.013341388105592069,0.13771076209745167,0.6724565756823822,0.09143489305605407,0.04726048177711495,0.04417441127893912,0.8312236286919831,1.0882422298149304,0.6345651410305435,0.45367708878438684,0.5907172995780591,"성장성은 peer 대비 매출 보통 이하, 영업이익 양호 수준 / 품질은 peer 대비 우수 수준 / 종합 점수는 peer 상위 42%권",0.0,0.31926007475525153,0.1243693739918596,-0.09968576884202714,0.0,0.046479497468964744,0.07992139180887015,0.040760461632660006,1.0882422298149304,0.03828490223573194,-0.20249384365444925,0.028431257445440672,-1.3164740751251058
145020,ALL,,473,0.23426765379745623,-0.010707339376961052,0.2449749931744173,0.7146401985111662,0.16972294093421458,-0.013341388105592069,0.18306432903980666,0.739454094292804,0.08978239639240514,0.04726048177711495,0.04252191461529019,0.8164556962025317,1.0750818281225998,0.6345651410305435,0.44051668709205627,0.5864978902953587,"성장성은 peer 대비 매출 양호, 영업이익 양호 수준 / 품질은 peer 대비 우수 수준 / 종합 점수는 peer 상위 42%권",0.0,0.303759697532999,0.16972294093421458,0.23426765379745623,0.0,0.05536988803662157,0.11084605962644067,0.1087505085571816,1.0750818281225998,0.037454172328668545,-0.20260666347271386,0.02843475109589236,-1.3164462518657138
214370,ALL,,473,0.07548888536270489,-0.010707339376961052,0.08619622473966594,0.5905707196029777,0.15044810894886457,-0.013341388105592069,0.16378949705445664,0.7022332506203474,0.08814249886180876,0.04726048177711495,0.040882017084693814,0.8037974683544303,1.0750056690669654,0.6345651410305435,0.44044052803642186,0.5843881856540084,"성장성은 peer 대비 매출 양호, 영업이익 양호 수준 / 품질은 peer 대비 우수 수준 / 종합 점수는 peer 상위 43%권",0.0,0.28837749986250233,0.15044810894886457,0.07548888536270489,0.0,0.06419249558473272,0.09770337170634735,0.0764245158149226,1.0750056690669654,0.03784914438945151,-0.20255871612946671,0.02843821810969912,-1.3164460908529112
214450,ALL,,473,1.0972317922404227,-0.010707339376961052,1.1079391316173837,0.9205955334987593,0.4913002162142628,-0.013341388105592069,0.5046416043198548,0.9354838709677419,0.07458014313978455,0.04726048177711495,0.027319661362669598,0.6962025316455697,1.062560838618337,0.6345651410305435,0.42799569758779343,0.5822784810126582,"성장성은 peer 대비 매출 매우 우수, 영업이익 매우 우수 수준 / 품질은 peer 대비 양호 수준 / 종합 점수는 peer 상위 43%권",0.0,0.16116294364696815,0.4913002162142628,1.0972317922404227,0.0,0.13715762891217004,0.33011592275219526,0.2844425910134125,1.062560838618337,0.03530749536736763,-0.20340660694355975,0.028466891166193886,-1.3164197804291298
131290,ALL,,473,0.5102958412197968,-0.010707339376961052,0.5210031805967578,0.8188585607940446,0.26353370709466784,-0.013341388105592069,0.2768750952002599,0.8387096774193549,0.08500694561522612,0.04726048177711495,0.03774646383811117,0.7784810126582279,1.054209382183182,0.6345651410305435,0.41964424115263843,0.5759493670886076,"성장성은 peer 대비 매출 우수, 영업이익 우수 수준 / 품질은 peer 대비 우수 수준 / 종합 점수는 peer 상위 43%권",0.0,0.25896608912163627,0.26353370709466784,0.5102958412197968,0.0,0.08106169333926819,0.17481163007233524,0.1649474753886775,1.054209382183182,0.03676753504652342,-0.20284002358754086,0.02844484718633037,-1.3164021240730301
003550,ALL,,473,0.06079602492623858,-0.010707339376961052,0.07150336430319963,0.5831265508684863,0.16144477327833703,-0.013341388105592069,0.1747861613839291,0.7270471464019851,0.09709365918511863,0.04726048177711495,0.04983317740800368,0.8881856540084389,1.0530921755296176,0.6345651410305435,0.41852703449907414,0.5738396624472574,"성장성은 peer 대비 매출 양호, 영업이익 양호 수준 / 품질은 peer 대비 우수 수준 / 종합 점수는 peer 상위 44%권",0.0,0.37233915899335457,0.16144477327833703,0.06079602492623858,0.0,0.016035477747119924,0.10520152928064563,0.07343317569738406,1.0530921755296176,0.037885693793522315,-0.20258607101585846,0.028419293880685776,-1.3163997621139316
060280,ALL,,473,0.13942254970044368,-0.010707339376961052,0.15012988907740474,0.6401985111662531,-1.4468368212284548,-0.011703963047537302,-1.4351328581809175,0.05707196029776675,0.08708451937145723,0.04726048177711495,0.039824037594342276,0.7974683544303798,1.0342994794721427,0.6345651410305435,0.3997343384415992,0.5654008438818565,"성장성은 peer 대비 매출 양호, 영업이익 열위 수준 / 품질은 peer 대비 우수 수준 / 종합 점수는 peer 상위 44%권",0.0,0.2784536788015605,-1.4468368212284548,0.13942254970044368,0.0,0.06988439868426836,-0.9914172687611889,0.08944086044173627,1.0342994794721427,0.037690105423437224,-0.19858537053201067,0.02844045485280768,-1.316360031255459
009970,ALL,,473,1.3786454958651129,-0.010707339376961052,1.3893528352420739,0.9454094292803971,0.4337093258764369,-0.013341388105592069,0.44705071398202895,0.9181141439205955,0.0749425597957348,0.04726048177711495,0.027682078018619855,0.7025316455696202,1.033187144740247,0.6345651410305435,0.39862200370970347,0.5632911392405063,"성장성은 peer 대비 매출 매우 우수, 영업이익 매우 우수 수준 / 품질은 peer 대비 양호 수준 / 종합 점수는 peer 상위 45%권",0.0,0.16456240278200315,0.4337093258764369,1.3786454958651129,0.0,0.13520783640093606,0.2908471447246799,0.3417360026617229,1.033187144740247,0.034607461278748995,-0.20326334602232135,0.028466124957618934,-1.316357679596407
003090,ALL,,5,0.1837024357524978,0.021085069427348505,0.1626173663251493,0.6666666666666666,0.3018897341707965,-0.027073917763125146,0.32896365193392163,0.8333333333333334,0.09288003688812702,0.01897310106181979,0.07390693582630722,1.0,1.0163860589391374,0.4173480396956169,0.5990380192435205,0.6666666666666666,"성장성은 peer 대비 매출 양호, 영업이익 우수 수준 / 품질은 peer 대비 매우 우수 수준 / 종합 점수는 peer 상위 34%권",0.0,0.3328154876225182,0.3018897341707965,0.1837024357524978,0.0,0.03870465992998984,0.20096497315202355,0.09845586470998624,1.0163860589391374,0.08554580183778729,0.06426650522082425,0.036324164507274534,-1.2850595696166107
181710,ALL,,473,0.10355905337922114,-0.010707339376961052,0.1142663927561822,0.6104218362282878,0.2489425808405006,-0.013341388105592069,0.2622839689460927,0.8188585607940446,0.1000742451644944,0.04726048177711495,0.05281376338737945,0.9514767932489452,1.001330161046729,0.6345651410305435,0.3667650200161854,0.5506329113924051,"성장성은 peer 대비 매출 양호, 영업이익 우수 수준 / 품질은 peer 대비 매우 우수 수준 / 종합 점수는 peer 상위 46%권",0.0,0.4002969806579776,0.2489425808405006,0.10355905337922114,0.0,0.0,0.1648625618310684,0.08213936079401551,1.001330161046729,0.03777931810085321,-0.20280372725357526,0.028412992430412252,-1.3162903286795071
035720,ALL,,473,0.55002620593599,-0.010707339376961052,0.560733545312951,0.8213399503722084,0.5050394717637051,-0.013341388105592069,0.5183808598692972,0.9478908188585607,0.022023564738236134,0.04729912440623113,-0.025275559667994996,0.339662447257384,0.49150523700719595,0.6426600377372468,-0.15115480073005083,0.43143459915611815,"성장성은 peer 대비 매출 우수, 영업이익 매우 우수 수준 / 품질은 peer 대비 보통 이하 수준 / 종합 점수는 peer 상위 58%권",0.0,-0.3318164424269737,0.5050394717637051,0.55002620593599,0.0,0.41991070137991826,0.33948413660111365,0.17303623621056752,0.49150523700719595,0.036668703293498056,-0.2034407841961703,0.028578004439770092,-1.3152124747174785
137400,ALL,,473,0.7380563308312539,-0.010707339376961052,0.7487636702082149,0.8833746898263027,0.3952056251533309,-0.013341388105592069,0.40854701325892295,0.9032258064516129,-0.08933505424741295,0.04729912440623113,-0.13663417865364408,0.056962025316455694,0.49150523700719595,0.6426600377372468,-0.15115480073005083,0.43143459915611815,"성장성은 peer 대비 매출 우수, 영업이익 매우 우수 수준 / 품질은 peer 대비 열위 수준 / 종합 점수는 peer 상위 58%권",0.0,-1.3763574930667908,0.3952056251533309,0.7380563308312539,0.0,1.019017276077139,0.2645931092676095,0.21131755374823413,0.49150523700719595,0.036200966664405365,-0.2031675656722639,0.028813434923883517,-1.3152124747174785
032820,ALL,,473,-0.49893329530459135,-0.007395051278607267,-0.49153824402598406,0.1315136476426799,-0.5277729533843478,-0.011703963047537302,-0.5160689903368105,0.20099255583126552,-0.0022637386155575645,0.04729912440623113,-0.049562863021788695,0.22784810126582278,0.49150523700719595,0.6426600377372468,-0.15115480073005083,0.43143459915611815,"성장성은 peer 대비 매출 열위, 영업이익 열위 수준 / 품질은 peer 대비 열위 수준 / 종합 점수는 peer 상위 58%권",0.0,-0.5596307381991669,-0.5277729533843478,-0.49893329530459135,0.0,0.5505757837369366,-0.36474671708583806,-0.04052290370656253,0.49150523700719595,0.039278055286633834,-0.20087159905898608,0.02862935180415444,-1.3152124747174785
033780,ALL,,473,-0.13850059995566588,-0.007395051278607267,-0.13110554867705862,0.36476426799007444,-0.10235268579210977,-0.011703963047537302,-0.09064872274457246,0.4143920595533499,0.1000742451644944,0.04726048177711495,0.05281376338737945,0.9514767932489452,0.49150523700719595,0.6426600377372468,-0.15115480073005083,0.43143459915611815,"성장성은 peer 대비 매출 보통 이하, 영업이익 보통 이하 수준 / 품질은 peer 대비 매우 우수 수준 / 종합 점수는 peer 상위 58%권",0.0,0.4002969806579776,-0.10235268579210977,-0.13850059995566588,0.0,0.0,-0.0746707353031183,0.03285809558434849,0.49150523700719595,0.038381456541984764,-0.20192985843110606,0.028412992430412256,-1.3152124747174785
034020,ALL,,473,-0.5169625522242648,-0.007395051278607267,-0.5095675009456575,0.12406947890818859,-0.3751281564158141,-0.011703963047537302,-0.3634241933682768,0.27543424317617865,0.05013556202280212,0.04726048177711495,0.002875080245687174,0.5253164556962026,0.49150523700719595,0.6426600377372468,-0.15115480073005083,0.43143459915611815,"성장성은 peer 대비 매출 열위, 영업이익 보통 이하 수준 / 품질은 peer 대비 양호 수준 / 종합 점수는 peer 상위 58%권",0.0,-0.06812661359577718,-0.3751281564158141,-0.5169625522242648,0.0,0.26866886168698567,-0.26066472401278584,-0.04419350547579837,0.49150523700719595,0.03932290418444397,-0.20125131248428094,0.028518571041705472,-1.3152124747174785
034220,ALL,,473,-0.44526777146129454,-0.007395051278607267,-0.43787272018268725,0.15384615384615385,-0.7795367994335779,-0.011703963047537302,-0.7678328363860406,0.15632754342431762,0.026767415038651127,0.04729912440623113,-0.020531709367580003,0.3670886075949367,0.49150523700719595,0.6426600377372468,-0.15115480073005083,0.43143459915611815,"성장성은 peer 대비 매출 열위, 영업이익 열위 수준 / 품질은 peer 대비 보통 이하 수준 / 종합 점수는 peer 상위 58%권",0.0,-0.28731924569438805,-0.7795367994335779,-0.44526777146129454,0.0,0.39438890584899255,-0.5364137728973943,-0.02959706424219588,0.49150523700719595,0.039144558958665435,-0.200245320834983,0.028567975157951037,-1.3152124747174785
034230,ALL,,473,-0.42248466796874545,-0.007395051278607267,-0.41508961669013816,0.1662531017369727,-1.4256542875426976,-0.011703963047537302,-1.4139503244951603,0.06699751861042183,0.03055657624511053,0.04729912440623113,-0.0167425481611206,0.38396624472573837,0.49150523700719595,0.6426600377372468,-0.15115480073005083,0.43143459915611815,"성장성은 peer 대비 매출 열위, 영업이익 열위 수준 / 품질은 peer 대비 보통 이하 수준 / 종합 점수는 peer 상위 58%권",0.0,-0.2517770086974583,-1.4256542875426976,-0.42248466796874545,0.0,0.3740033136779004,-0.9769738002110937,-0.02495862016427164,0.49150523700719595,0.03908788457186804,-0.19863806340187576,0.028559964246309473,-1.3152124747174785
034310,ALL,,473,0.16945646317515922,-0.010707339376961052,0.18016380255212028,0.6625310173697271,0.23030185212976328,-0.013341388105592069,0.24364324023535536,0.8014888337468983,0.09664311883307615,0.04726048177711495,0.0493826370559612,0.8839662447257384,0.49150523700719595,0.6426600377372468,-0.15115480073005083,0.43143459915611815,"성장성은 peer 대비 매출 양호, 영업이익 우수 수준 / 품질은 peer 대비 우수 수준 / 종합 점수는 peer 상위 58%권",0.0,0.36811310180115175,0.23030185212976328,0.16945646317515922,0.0,0.01845937353115286,0.1521522419572272,0.09555550712010663,0.49150523700719595,0.037615394195888184,-0.20275735728165797,0.02842024639728629,-1.3152124747174785
034730,ALL,,473,0.08580527564318531,-0.010707339376961052,0.09651261502014637,0.6004962779156328,0.2930068012924301,-0.013341388105592069,0.30634818939802216,0.8684863523573201,0.1000742451644944,0.04726048177711495,0.05281376338737945,0.9514767932489452,0.49150523700719595,0.6426600377372468,-0.15115480073005083,0.43143459915611815,"성장성은 peer 대비 매출 양호, 영업이익 우수 수준 / 품질은 peer 대비 매우 우수 수준 / 종합 점수는 peer 상위 58%권",0.0,0.4002969806579776,0.2930068012924301,0.08580527564318531,0.0,0.0,0.19490807912958852,0.07852484421915862,0.49150523700719595,0.03782348172706225,-0.20291333974226167,0.028412992430412256,-1.3152124747174785
035250,ALL,,473,-0.4979347869247813,-0.007395051278607267,-0.49053973564617404,0.13399503722084366,-0.20186416017919698,-0.011703963047537302,-0.1901601971316597,0.3424317617866005,0.05406076746689031,0.04726048177711495,0.006800285689775358,0.5527426160337553,0.49150523700719595,0.6426600377372468,-0.15115480073005083,0.43143459915611815,"성장성은 peer 대비 매출 열위, 영업이익 보통 이하 수준 / 품질은 peer 대비 양호 수준 / 종합 점수는 peer 상위 58%권",0.0,-0.03130828506502039,-0.20186416017919698,-0.4979347869247813,0.0,0.24755135493258162,-0.1425233761630691,-0.040319615981402435,0.49150523700719595,0.039275571434942765,-0.20168231745004367,0.02851027251011121,-1.3152124747174785
128940,ALL,,473,0.04843053115318178,-0.010707339376961052,0.05913787053014283,0.575682382133995,0.4231384718563269,-0.013341388105592069,0.43647985996191896,0.913151364764268,-0.05547257178522563,0.04729912440623113,-0.10277169619145676,0.08016877637130802,0.49150523700719595,0.6426600377372468,-0.15115480073005083,0.43143459915611815,"성장성은 peer 대비 매출 양호, 영업이익 매우 우수 수준 / 품질은 peer 대비 열위 수준 / 종합 점수는 peer 상위 58%권",0.0,-1.0587282576244603,0.4231384718563269,0.04843053115318178,0.0,0.8368379704835578,0.28363932908505385,0.07091566743162026,0.49150523700719595,0.03791645372828117,-0.2032370503655549,0.028741844051870438,-1.3152124747174785
035760,ALL,,473,-0.07700182091106665,-0.007395051278607267,-0.06960676963245939,0.43424317617866004,0.05179547143534899,-0.013341388105592069,0.06513685954094106,0.5781637717121588,0.028153058773367517,0.04729912440623113,-0.019146065632863613,0.3755274261603376,0.49150523700719595,0.6426600377372468,-0.15115480073005083,0.43143459915611815,"성장성은 peer 대비 매출 보통 이하, 영업이익 양호 수준 / 품질은 peer 대비 보통 이하 수준 / 종합 점수는 peer 상위 58%권",0.0,-0.2743219422466894,0.05179547143534899,-0.07700182091106665,0.0,0.38693417734015945,0.030436335172919327,0.045378718490366676,0.49150523700719595,0.03822847450456039,-0.20231331155853755,0.028565045678596454,-1.3152124747174785
127120,ALL,,473,0.01266693434573611,-0.010707339376961052,0.02337427372269716,0.5310173697270472,0.26384419242350643,-0.013341388105592069,0.2771855805290985,0.8411910669975186,0.1000742451644944,0.04726048177711495,0.05281376338737945,0.9514767932489452,0.49150523700719595,0.6426600377372468,-0.15115480073005083,0.43143459915611815,"성장성은 peer 대비 매출 양호, 영업이익 우수 수준 / 품질은 peer 대비 매우 우수 수준 / 종합 점수는 peer 상위 58%권",0.0,0.4002969806579776,0.26384419242350643,0.01266693434573611,0.0,0.0,0.17502333680906812,0.06363450646638924,0.49150523700719595,0.03800541789944396,-0.20284079593910512,0.028412992430412252,-1.3152124747174785
122870,ALL,,473,0.12075125825236056,-0.010707339376961052,0.1314585976293216,0.6277915632754343,0.17366819690963303,-0.013341388105592069,0.1870095850152251,0.7419354838709677,0.0692381261766374,0.04726048177711495,0.021977644399522447,0.6518987341772152,0.49150523700719595,0.6426600377372468,-0.15115480073005083,0.43143459915611815,"성장성은 peer 대비 매출 양호, 영업이익 양호 수준 / 품질은 peer 대비 양호 수준 / 종합 점수는 peer 상위 58%권",0.0,0.11105495863378707,0.17366819690963303,0.12075125825236056,0.0,0.16589754607276253,0.1135361618327384,0.08563954596002477,0.49150523700719595,0.0377365514220643,-0.20261647754230447,0.028478185070978546,-1.3152124747174785
000150,ALL,,473,-3.7604357258335144,-0.007395051278607267,-3.753040674554907,0.007444168734491315,-1.3488797611948249,-0.011703963047537302,-1.3371757981472876,0.0794044665012407,0.00037793675109867864,0.04729912440623113,-0.04692118765513245,0.24261603375527427,9.41667764459468,0.6345651410305435,8.782112503564136,0.8860759493670886,"성장성은 peer 대비 매출 열위, 영업이익 열위 수준 / 품질은 peer 대비 열위 수준 / 종합 점수는 peer 상위 12%권",0.0,-0.534851889574149,-1.3488797611948249,-3.7604357258335144,0.0,0.5363636365785437,-0.9246245169192865,-0.704536769902181,9.41667764459468,0.04739124541232768,-0.19882904481070132,0.02862376686680421,-1.334081760991448
