"source","destination","status"
"C:\Users\chanw\ai_inv_adv\data\features\factors_ttm_acc2\factors_ttm_acc2__asof=2025-11-16__metric=revenue_op__v=310.parquet","C:\Users\chanw\ai_inv_adv\data\archive\old_versions\factors_ttm_acc2\factors_ttm_acc2__asof=2025-11-16__metric=revenue_op__v=310.parquet","moved"
"C:\Users\chanw\ai_inv_adv\data\features\factors_ttm_acc2\factors_ttm_acc2__asof=2025-11-16__metric=revenue_op__v=311.parquet","C:\Users\chanw\ai_inv_adv\data\archive\old_versions\factors_ttm_acc2\factors_ttm_acc2__asof=2025-11-16__metric=revenue_op__v=311.parquet","moved"
"C:\Users\chanw\ai_inv_adv\data\features\factors_ttm_acc2\factors_ttm_acc2__asof=2025-11-30__metric=revenue_op__v=301.parquet","C:\Users\chanw\ai_inv_adv\data\archive\old_versions\factors_ttm_acc2\factors_ttm_acc2__asof=2025-11-30__metric=revenue_op__v=301.parquet","moved"
"C:\Users\chanw\ai_inv_adv\data\features\factors_ttm_acc2\factors_ttm_acc2__asof=2026-02-18__metric=revenue_op__v=2.parquet","C:\Users\chanw\ai_inv_adv\data\archive\old_versions\factors_ttm_acc2\factors_ttm_acc2__asof=2026-02-18__metric=revenue_op__v=2.parquet","moved"
"C:\Users\chanw\ai_inv_adv\data\features\factors_ttm_acc2\factors_ttm_acc2__asof=2026-03-13__metric=revenue_op__v=2.parquet","C:\Users\chanw\ai_inv_adv\data\archive\old_versions\factors_ttm_acc2\factors_ttm_acc2__asof=2026-03-13__metric=revenue_op__v=2.parquet","moved"
"C:\Users\chanw\ai_inv_adv\data\features\factors_ttm_acc2\factors_ttm_acc2__asof=2026-03-13__metric=revenue_op__v=3.parquet","C:\Users\chanw\ai_inv_adv\data\archive\old_versions\factors_ttm_acc2\factors_ttm_acc2__asof=2026-03-13__metric=revenue_op__v=3.parquet","moved"
"C:\Users\chanw\ai_inv_adv\data\features\factors_ttm_acc2\factors_ttm_acc2__asof=2026-03-13__metric=revenue_op__v=4.parquet","C:\Users\chanw\ai_inv_adv\data\archive\old_versions\factors_ttm_acc2\factors_ttm_acc2__asof=2026-03-13__metric=revenue_op__v=4.parquet","moved"
"C:\Users\chanw\ai_inv_adv\data\features\factors_ttm_acc2\factors_ttm_acc2__asof=2026-03-13__metric=revenue_op__v=5.parquet","C:\Users\chanw\ai_inv_adv\data\archive\old_versions\factors_ttm_acc2\factors_ttm_acc2__asof=2026-03-13__metric=revenue_op__v=5.parquet","moved"
"C:\Users\chanw\ai_inv_adv\data\features\factors_ttm_acc2\factors_ttm_acc2__asof=2026-03-21__metric=revenue_op__v=2.parquet","C:\Users\chanw\ai_inv_adv\data\archive\old_versions\factors_ttm_acc2\factors_ttm_acc2__asof=2026-03-21__metric=revenue_op__v=2.parquet","moved"
"C:\Users\chanw\ai_inv_adv\data\features\factors_ttm_acc2\factors_ttm_acc2__asof=2026-03-31__metric=revenue_op__v=207.parquet","C:\Users\chanw\ai_inv_adv\data\archive\old_versions\factors_ttm_acc2\factors_ttm_acc2__asof=2026-03-31__metric=revenue_op__v=207.parquet","moved"
"C:\Users\chanw\ai_inv_adv\data\features\factors_ttm_acc2\factors_ttm_acc2__asof=2026-03-31__metric=revenue_op__v=208.parquet","C:\Users\chanw\ai_inv_adv\data\archive\old_versions\factors_ttm_acc2\factors_ttm_acc2__asof=2026-03-31__metric=revenue_op__v=208.parquet","moved"
"C:\Users\chanw\ai_inv_adv\data\features\factors_ttm_acc2\factors_ttm_acc2__asof=2026-03-31__metric=revenue_op__v=209.parquet","C:\Users\chanw\ai_inv_adv\data\archive\old_versions\factors_ttm_acc2\factors_ttm_acc2__asof=2026-03-31__metric=revenue_op__v=209.parquet","moved"
"C:\Users\chanw\ai_inv_adv\data\features\features_live\features_live__asof=2025-11-30__metric=revenue_op__v=301.meta.json","C:\Users\chanw\ai_inv_adv\data\archive\old_versions\features_live\features_live__asof=2025-11-30__metric=revenue_op__v=301.meta.json","moved"
"C:\Users\chanw\ai_inv_adv\data\features\features_live\features_live__asof=2025-11-30__metric=revenue_op__v=301.parquet","C:\Users\chanw\ai_inv_adv\data\archive\old_versions\features_live\features_live__asof=2025-11-30__metric=revenue_op__v=301.parquet","moved"
"C:\Users\chanw\ai_inv_adv\data\features\features_live\features_live__asof=2026-02-18__metric=revenue_op__v=2.meta.json","C:\Users\chanw\ai_inv_adv\data\archive\old_versions\features_live\features_live__asof=2026-02-18__metric=revenue_op__v=2.meta.json","moved"
"C:\Users\chanw\ai_inv_adv\data\features\features_live\features_live__asof=2026-02-18__metric=revenue_op__v=2.parquet","C:\Users\chanw\ai_inv_adv\data\archive\old_versions\features_live\features_live__asof=2026-02-18__metric=revenue_op__v=2.parquet","moved"
"C:\Users\chanw\ai_inv_adv\data\features\features_live\features_live__asof=2026-03-13__metric=revenue_op__v=10.meta.json","C:\Users\chanw\ai_inv_adv\data\archive\old_versions\features_live\features_live__asof=2026-03-13__metric=revenue_op__v=10.meta.json","moved"
"C:\Users\chanw\ai_inv_adv\data\features\features_live\features_live__asof=2026-03-13__metric=revenue_op__v=10.parquet","C:\Users\chanw\ai_inv_adv\data\archive\old_versions\features_live\features_live__asof=2026-03-13__metric=revenue_op__v=10.parquet","moved"
"C:\Users\chanw\ai_inv_adv\data\features\features_live\features_live__asof=2026-03-13__metric=revenue_op__v=11.meta.json","C:\Users\chanw\ai_inv_adv\data\archive\old_versions\features_live\features_live__asof=2026-03-13__metric=revenue_op__v=11.meta.json","moved"
"C:\Users\chanw\ai_inv_adv\data\features\features_live\features_live__asof=2026-03-13__metric=revenue_op__v=11.parquet","C:\Users\chanw\ai_inv_adv\data\archive\old_versions\features_live\features_live__asof=2026-03-13__metric=revenue_op__v=11.parquet","moved"
"C:\Users\chanw\ai_inv_adv\data\features\features_live\features_live__asof=2026-03-13__metric=revenue_op__v=110.parquet","C:\Users\chanw\ai_inv_adv\data\archive\old_versions\features_live\features_live__asof=2026-03-13__metric=revenue_op__v=110.parquet","moved"
"C:\Users\chanw\ai_inv_adv\data\features\features_live\features_live__asof=2026-03-13__metric=revenue_op__v=12.meta.json","C:\Users\chanw\ai_inv_adv\data\archive\old_versions\features_live\features_live__asof=2026-03-13__metric=revenue_op__v=12.meta.json","moved"
"C:\Users\chanw\ai_inv_adv\data\features\features_live\features_live__asof=2026-03-13__metric=revenue_op__v=12.parquet","C:\Users\chanw\ai_inv_adv\data\archive\old_versions\features_live\features_live__asof=2026-03-13__metric=revenue_op__v=12.parquet","moved"
"C:\Users\chanw\ai_inv_adv\data\features\features_live\features_live__asof=2026-03-13__metric=revenue_op__v=205.parquet","C:\Users\chanw\ai_inv_adv\data\archive\old_versions\features_live\features_live__asof=2026-03-13__metric=revenue_op__v=205.parquet","moved"
"C:\Users\chanw\ai_inv_adv\data\features\features_live\features_live__asof=2026-03-13__metric=revenue_op__v=4.meta.json","C:\Users\chanw\ai_inv_adv\data\archive\old_versions\features_live\features_live__asof=2026-03-13__metric=revenue_op__v=4.meta.json","moved"
"C:\Users\chanw\ai_inv_adv\data\features\features_live\features_live__asof=2026-03-13__metric=revenue_op__v=4.parquet","C:\Users\chanw\ai_inv_adv\data\archive\old_versions\features_live\features_live__asof=2026-03-13__metric=revenue_op__v=4.parquet","moved"
"C:\Users\chanw\ai_inv_adv\data\features\features_live\features_live__asof=2026-03-13__metric=revenue_op__v=5.meta.json","C:\Users\chanw\ai_inv_adv\data\archive\old_versions\features_live\features_live__asof=2026-03-13__metric=revenue_op__v=5.meta.json","moved"
"C:\Users\chanw\ai_inv_adv\data\features\features_live\features_live__asof=2026-03-13__metric=revenue_op__v=5.parquet","C:\Users\chanw\ai_inv_adv\data\archive\old_versions\features_live\features_live__asof=2026-03-13__metric=revenue_op__v=5.parquet","moved"
"C:\Users\chanw\ai_inv_adv\data\features\features_live\features_live__asof=2026-03-13__metric=revenue_op__v=6.meta.json","C:\Users\chanw\ai_inv_adv\data\archive\old_versions\features_live\features_live__asof=2026-03-13__metric=revenue_op__v=6.meta.json","moved"
"C:\Users\chanw\ai_inv_adv\data\features\features_live\features_live__asof=2026-03-13__metric=revenue_op__v=6.parquet","C:\Users\chanw\ai_inv_adv\data\archive\old_versions\features_live\features_live__asof=2026-03-13__metric=revenue_op__v=6.parquet","moved"
"C:\Users\chanw\ai_inv_adv\data\features\features_live\features_live__asof=2026-03-13__metric=revenue_op__v=7.meta.json","C:\Users\chanw\ai_inv_adv\data\archive\old_versions\features_live\features_live__asof=2026-03-13__metric=revenue_op__v=7.meta.json","moved"
"C:\Users\chanw\ai_inv_adv\data\features\features_live\features_live__asof=2026-03-13__metric=revenue_op__v=7.parquet","C:\Users\chanw\ai_inv_adv\data\archive\old_versions\features_live\features_live__asof=2026-03-13__metric=revenue_op__v=7.parquet","moved"
"C:\Users\chanw\ai_inv_adv\data\features\features_live\features_live__asof=2026-03-13__metric=revenue_op__v=8.meta.json","C:\Users\chanw\ai_inv_adv\data\archive\old_versions\features_live\features_live__asof=2026-03-13__metric=revenue_op__v=8.meta.json","moved"
"C:\Users\chanw\ai_inv_adv\data\features\features_live\features_live__asof=2026-03-13__metric=revenue_op__v=8.parquet","C:\Users\chanw\ai_inv_adv\data\archive\old_versions\features_live\features_live__asof=2026-03-13__metric=revenue_op__v=8.parquet","moved"
"C:\Users\chanw\ai_inv_adv\data\features\features_live\features_live__asof=2026-03-13__metric=revenue_op__v=9.meta.json","C:\Users\chanw\ai_inv_adv\data\archive\old_versions\features_live\features_live__asof=2026-03-13__metric=revenue_op__v=9.meta.json","moved"
"C:\Users\chanw\ai_inv_adv\data\features\features_live\features_live__asof=2026-03-13__metric=revenue_op__v=9.parquet","C:\Users\chanw\ai_inv_adv\data\archive\old_versions\features_live\features_live__asof=2026-03-13__metric=revenue_op__v=9.parquet","moved"
"C:\Users\chanw\ai_inv_adv\data\features\features_live\features_live__asof=2026-03-21__metric=revenue_op__v=206.meta.json","C:\Users\chanw\ai_inv_adv\data\archive\old_versions\features_live\features_live__asof=2026-03-21__metric=revenue_op__v=206.meta.json","moved"
"C:\Users\chanw\ai_inv_adv\data\features\features_live\features_live__asof=2026-03-21__metric=revenue_op__v=206.parquet","C:\Users\chanw\ai_inv_adv\data\archive\old_versions\features_live\features_live__asof=2026-03-21__metric=revenue_op__v=206.parquet","moved"
"C:\Users\chanw\ai_inv_adv\data\features\features_live\features_live__asof=2026-03-31__metric=revenue_op__v=207.meta.json","C:\Users\chanw\ai_inv_adv\data\archive\old_versions\features_live\features_live__asof=2026-03-31__metric=revenue_op__v=207.meta.json","moved"
"C:\Users\chanw\ai_inv_adv\data\features\features_live\features_live__asof=2026-03-31__metric=revenue_op__v=207.parquet","C:\Users\chanw\ai_inv_adv\data\archive\old_versions\features_live\features_live__asof=2026-03-31__metric=revenue_op__v=207.parquet","moved"
"C:\Users\chanw\ai_inv_adv\data\features\features_live\features_live__asof=2026-03-31__metric=revenue_op__v=208.meta.json","C:\Users\chanw\ai_inv_adv\data\archive\old_versions\features_live\features_live__asof=2026-03-31__metric=revenue_op__v=208.meta.json","moved"
"C:\Users\chanw\ai_inv_adv\data\features\features_live\features_live__asof=2026-03-31__metric=revenue_op__v=208.parquet","C:\Users\chanw\ai_inv_adv\data\archive\old_versions\features_live\features_live__asof=2026-03-31__metric=revenue_op__v=208.parquet","moved"
"C:\Users\chanw\ai_inv_adv\data\features\features_live\features_live__asof=2026-03-31__metric=revenue_op__v=209.meta.json","C:\Users\chanw\ai_inv_adv\data\archive\old_versions\features_live\features_live__asof=2026-03-31__metric=revenue_op__v=209.meta.json","moved"
"C:\Users\chanw\ai_inv_adv\data\features\features_live\features_live__asof=2026-03-31__metric=revenue_op__v=209.parquet","C:\Users\chanw\ai_inv_adv\data\archive\old_versions\features_live\features_live__asof=2026-03-31__metric=revenue_op__v=209.parquet","moved"
"C:\Users\chanw\ai_inv_adv\data\interim\fundamentals_quarterly\fundamentals_quarterly__asof=2025-11-16__src=dart__fs=CFS__y=2015-2024__v=1.parquet","C:\Users\chanw\ai_inv_adv\data\archive\old_versions\fundamentals_quarterly\fundamentals_quarterly__asof=2025-11-16__src=dart__fs=CFS__y=2015-2024__v=1.parquet","moved"
"C:\Users\chanw\ai_inv_adv\data\interim\fundamentals_quarterly\fundamentals_quarterly__asof=2025-11-16__src=dart__fs=CFS__y=2016-2025__v=1.parquet","C:\Users\chanw\ai_inv_adv\data\archive\old_versions\fundamentals_quarterly\fundamentals_quarterly__asof=2025-11-16__src=dart__fs=CFS__y=2016-2025__v=1.parquet","moved"
"C:\Users\chanw\ai_inv_adv\data\interim\fundamentals_quarterly\fundamentals_quarterly__asof=2025-11-16__src=dart__fs=CFS__y=2016-2025__v=2.parquet","C:\Users\chanw\ai_inv_adv\data\archive\old_versions\fundamentals_quarterly\fundamentals_quarterly__asof=2025-11-16__src=dart__fs=CFS__y=2016-2025__v=2.parquet","moved"
"C:\Users\chanw\ai_inv_adv\data\interim\fundamentals_quarterly\fundamentals_quarterly__asof=2025-11-30__src=dart_merged__fs=CFS__y=2022-2025__v=3.parquet","C:\Users\chanw\ai_inv_adv\data\archive\old_versions\fundamentals_quarterly\fundamentals_quarterly__asof=2025-11-30__src=dart_merged__fs=CFS__y=2022-2025__v=3.parquet","moved"
"C:\Users\chanw\ai_inv_adv\data\interim\fundamentals_quarterly\fundamentals_quarterly__asof=2025-11-30__src=dart__fs=CFS__y=2022-2025__v=1.parquet","C:\Users\chanw\ai_inv_adv\data\archive\old_versions\fundamentals_quarterly\fundamentals_quarterly__asof=2025-11-30__src=dart__fs=CFS__y=2022-2025__v=1.parquet","moved"
"C:\Users\chanw\ai_inv_adv\data\interim\fundamentals_quarterly\fundamentals_quarterly__asof=2026-02-18__src=dart__fs=CFS__y=2016-2025__v=1.parquet","C:\Users\chanw\ai_inv_adv\data\archive\old_versions\fundamentals_quarterly\fundamentals_quarterly__asof=2026-02-18__src=dart__fs=CFS__y=2016-2025__v=1.parquet","moved"
"C:\Users\chanw\ai_inv_adv\data\interim\fundamentals_quarterly\fundamentals_quarterly__asof=2026-02-18__src=dart__fs=OFS__y=2016-2025__v=1.parquet","C:\Users\chanw\ai_inv_adv\data\archive\old_versions\fundamentals_quarterly\fundamentals_quarterly__asof=2026-02-18__src=dart__fs=OFS__y=2016-2025__v=1.parquet","moved"
"C:\Users\chanw\ai_inv_adv\data\interim\fundamentals_quarterly\fundamentals_quarterly__asof=2026-03-13__src=dart_merged__fs=CFS__y=2016-2025__v=1.parquet","C:\Users\chanw\ai_inv_adv\data\archive\old_versions\fundamentals_quarterly\fundamentals_quarterly__asof=2026-03-13__src=dart_merged__fs=CFS__y=2016-2025__v=1.parquet","moved"
"C:\Users\chanw\ai_inv_adv\data\interim\fundamentals_quarterly\fundamentals_quarterly__asof=2026-03-13__src=dart__fs=CFS__y=2016-2025__v=1.parquet","C:\Users\chanw\ai_inv_adv\data\archive\old_versions\fundamentals_quarterly\fundamentals_quarterly__asof=2026-03-13__src=dart__fs=CFS__y=2016-2025__v=1.parquet","moved"
"C:\Users\chanw\ai_inv_adv\data\interim\fundamentals_quarterly\fundamentals_quarterly__asof=2026-03-13__src=dart__fs=CFS__y=2023-2025__v=1.parquet","C:\Users\chanw\ai_inv_adv\data\archive\old_versions\fundamentals_quarterly\fundamentals_quarterly__asof=2026-03-13__src=dart__fs=CFS__y=2023-2025__v=1.parquet","moved"
"C:\Users\chanw\ai_inv_adv\data\interim\fundamentals_quarterly\fundamentals_quarterly__asof=2026-03-31__src=dart_merged__fs=CFS__y=2016-2025__v=2.parquet","C:\Users\chanw\ai_inv_adv\data\archive\old_versions\fundamentals_quarterly\fundamentals_quarterly__asof=2026-03-31__src=dart_merged__fs=CFS__y=2016-2025__v=2.parquet","moved"
"C:\Users\chanw\ai_inv_adv\data\interim\fundamentals_quarterly\fundamentals_quarterly__asof=2026-03-31__src=dart__fs=CFS__y=2016-2025__v=1.parquet","C:\Users\chanw\ai_inv_adv\data\archive\old_versions\fundamentals_quarterly\fundamentals_quarterly__asof=2026-03-31__src=dart__fs=CFS__y=2016-2025__v=1.parquet","moved"
"C:\Users\chanw\ai_inv_adv\data\interim\fundamentals_quarterly\fundamentals_quarterly__asof=2026-03-31__src=dart__fs=CFS__y=2023-2025__v=1.parquet","C:\Users\chanw\ai_inv_adv\data\archive\old_versions\fundamentals_quarterly\fundamentals_quarterly__asof=2026-03-31__src=dart__fs=CFS__y=2023-2025__v=1.parquet","moved"
"C:\Users\chanw\ai_inv_adv\data\interim\marketdata\krx_marketdata__asof=2025-11-30__src=pykrx__lookback=365d__v=1.parquet","C:\Users\chanw\ai_inv_adv\data\archive\old_versions\marketdata\krx_marketdata__asof=2025-11-30__src=pykrx__lookback=365d__v=1.parquet","moved"
"C:\Users\chanw\ai_inv_adv\data\interim\marketdata\krx_marketdata__asof=2026-02-18__src=pykrx__lookback=365d__v=1.parquet","C:\Users\chanw\ai_inv_adv\data\archive\old_versions\marketdata\krx_marketdata__asof=2026-02-18__src=pykrx__lookback=365d__v=1.parquet","moved"
"C:\Users\chanw\ai_inv_adv\data\interim\marketdata\krx_marketdata__asof=2026-02-18__src=synthetic_dart__lookback=365d__v=2.parquet","C:\Users\chanw\ai_inv_adv\data\archive\old_versions\marketdata\krx_marketdata__asof=2026-02-18__src=synthetic_dart__lookback=365d__v=2.parquet","moved"
"C:\Users\chanw\ai_inv_adv\data\interim\marketdata\krx_marketdata__asof=2026-02-18__src=synthetic_prices_dart__lookback=365d__v=10.parquet","C:\Users\chanw\ai_inv_adv\data\archive\old_versions\marketdata\krx_marketdata__asof=2026-02-18__src=synthetic_prices_dart__lookback=365d__v=10.parquet","moved"
"C:\Users\chanw\ai_inv_adv\data\interim\marketdata\krx_marketdata__asof=2026-02-18__src=synthetic_prices_dart__lookback=365d__v=11.parquet","C:\Users\chanw\ai_inv_adv\data\archive\old_versions\marketdata\krx_marketdata__asof=2026-02-18__src=synthetic_prices_dart__lookback=365d__v=11.parquet","moved"
"C:\Users\chanw\ai_inv_adv\data\interim\marketdata\krx_marketdata__asof=2026-02-18__src=synthetic_prices_dart__lookback=365d__v=12.parquet","C:\Users\chanw\ai_inv_adv\data\archive\old_versions\marketdata\krx_marketdata__asof=2026-02-18__src=synthetic_prices_dart__lookback=365d__v=12.parquet","moved"
"C:\Users\chanw\ai_inv_adv\data\interim\marketdata\krx_marketdata__asof=2026-02-18__src=synthetic_prices_dart__lookback=365d__v=3.parquet","C:\Users\chanw\ai_inv_adv\data\archive\old_versions\marketdata\krx_marketdata__asof=2026-02-18__src=synthetic_prices_dart__lookback=365d__v=3.parquet","moved"
"C:\Users\chanw\ai_inv_adv\data\interim\marketdata\krx_marketdata__asof=2026-02-18__src=synthetic_prices_dart__lookback=365d__v=4.parquet","C:\Users\chanw\ai_inv_adv\data\archive\old_versions\marketdata\krx_marketdata__asof=2026-02-18__src=synthetic_prices_dart__lookback=365d__v=4.parquet","moved"
"C:\Users\chanw\ai_inv_adv\data\interim\marketdata\krx_marketdata__asof=2026-02-18__src=synthetic_prices_dart__lookback=365d__v=5.parquet","C:\Users\chanw\ai_inv_adv\data\archive\old_versions\marketdata\krx_marketdata__asof=2026-02-18__src=synthetic_prices_dart__lookback=365d__v=5.parquet","moved"
"C:\Users\chanw\ai_inv_adv\data\interim\marketdata\krx_marketdata__asof=2026-02-18__src=synthetic_prices_dart__lookback=365d__v=6.parquet","C:\Users\chanw\ai_inv_adv\data\archive\old_versions\marketdata\krx_marketdata__asof=2026-02-18__src=synthetic_prices_dart__lookback=365d__v=6.parquet","moved"
"C:\Users\chanw\ai_inv_adv\data\interim\marketdata\krx_marketdata__asof=2026-02-18__src=synthetic_prices_dart__lookback=365d__v=7.parquet","C:\Users\chanw\ai_inv_adv\data\archive\old_versions\marketdata\krx_marketdata__asof=2026-02-18__src=synthetic_prices_dart__lookback=365d__v=7.parquet","moved"
"C:\Users\chanw\ai_inv_adv\data\interim\marketdata\krx_marketdata__asof=2026-02-18__src=synthetic_prices_dart__lookback=365d__v=8.parquet","C:\Users\chanw\ai_inv_adv\data\archive\old_versions\marketdata\krx_marketdata__asof=2026-02-18__src=synthetic_prices_dart__lookback=365d__v=8.parquet","moved"
"C:\Users\chanw\ai_inv_adv\data\interim\marketdata\krx_marketdata__asof=2026-02-18__src=synthetic_prices_dart__lookback=365d__v=9.parquet","C:\Users\chanw\ai_inv_adv\data\archive\old_versions\marketdata\krx_marketdata__asof=2026-02-18__src=synthetic_prices_dart__lookback=365d__v=9.parquet","moved"
"C:\Users\chanw\ai_inv_adv\data\interim\marketdata\krx_marketdata__asof=2026-03-13__src=pykrx__lookback=365d__v=1.parquet","C:\Users\chanw\ai_inv_adv\data\archive\old_versions\marketdata\krx_marketdata__asof=2026-03-13__src=pykrx__lookback=365d__v=1.parquet","moved"
"C:\Users\chanw\ai_inv_adv\data\interim\marketdata\krx_marketdata__asof=2026-03-21__src=pykrx__lookback=365d__v=1.parquet","C:\Users\chanw\ai_inv_adv\data\archive\old_versions\marketdata\krx_marketdata__asof=2026-03-21__src=pykrx__lookback=365d__v=1.parquet","moved"
"C:\Users\chanw\ai_inv_adv\data\interim\marketdata\krx_marketdata__asof=2026-03-31__src=pykrx__lookback=365d__v=1.parquet","C:\Users\chanw\ai_inv_adv\data\archive\old_versions\marketdata\krx_marketdata__asof=2026-03-31__src=pykrx__lookback=365d__v=1.parquet","moved"
"C:\Users\chanw\ai_inv_adv\data\interim\universe\universe__asof=2025-11-16__metric=revenue_op__v=1.csv","C:\Users\chanw\ai_inv_adv\data\archive\old_versions\universe\universe__asof=2025-11-16__metric=revenue_op__v=1.csv","moved"
"C:\Users\chanw\ai_inv_adv\data\interim\universe\universe__asof=2025-11-16__src=phase1__mcap_top=800__trd_bot=0.1__v=1.parquet","C:\Users\chanw\ai_inv_adv\data\archive\old_versions\universe\universe__asof=2025-11-16__src=phase1__mcap_top=800__trd_bot=0.1__v=1.parquet","moved"
"C:\Users\chanw\ai_inv_adv\data\interim\universe\universe__asof=2025-11-30__src=phase1__mcap_top=800__trd_bot=0.1__v=1.parquet","C:\Users\chanw\ai_inv_adv\data\archive\old_versions\universe\universe__asof=2025-11-30__src=phase1__mcap_top=800__trd_bot=0.1__v=1.parquet","moved"
"C:\Users\chanw\ai_inv_adv\data\interim\universe\universe__asof=2026-02-18__metric=revenue_op__v=1.csv","C:\Users\chanw\ai_inv_adv\data\archive\old_versions\universe\universe__asof=2026-02-18__metric=revenue_op__v=1.csv","moved"
"C:\Users\chanw\ai_inv_adv\data\interim\universe\universe__asof=2026-02-18__metric=revenue_op__v=1.parquet","C:\Users\chanw\ai_inv_adv\data\archive\old_versions\universe\universe__asof=2026-02-18__metric=revenue_op__v=1.parquet","moved"
"C:\Users\chanw\ai_inv_adv\data\interim\universe\universe__asof=2026-03-13__metric=revenue_op__v=1.csv","C:\Users\chanw\ai_inv_adv\data\archive\old_versions\universe\universe__asof=2026-03-13__metric=revenue_op__v=1.csv","moved"
"C:\Users\chanw\ai_inv_adv\data\interim\universe\universe__asof=2026-03-13__src=phase1__mcap_top=800__trd_bot=0.1__v=1.parquet","C:\Users\chanw\ai_inv_adv\data\archive\old_versions\universe\universe__asof=2026-03-13__src=phase1__mcap_top=800__trd_bot=0.1__v=1.parquet","moved"
"C:\Users\chanw\ai_inv_adv\data\interim\universe\universe__asof=2026-03-21__metric=revenue_op__v=1.csv","C:\Users\chanw\ai_inv_adv\data\archive\old_versions\universe\universe__asof=2026-03-21__metric=revenue_op__v=1.csv","moved"
"C:\Users\chanw\ai_inv_adv\data\interim\universe\universe__asof=2026-03-21__src=phase1__mcap_top=800__trd_bot=0.1__v=1.parquet","C:\Users\chanw\ai_inv_adv\data\archive\old_versions\universe\universe__asof=2026-03-21__src=phase1__mcap_top=800__trd_bot=0.1__v=1.parquet","moved"
"C:\Users\chanw\ai_inv_adv\data\interim\universe\universe__asof=2026-03-31__src=phase1__mcap_top=800__trd_bot=0.1__v=1.parquet","C:\Users\chanw\ai_inv_adv\data\archive\old_versions\universe\universe__asof=2026-03-31__src=phase1__mcap_top=800__trd_bot=0.1__v=1.parquet","moved"
"C:\Users\chanw\ai_inv_adv\data\live\actions\live_actions__asof=2025-11-16__metric=revenue_op__strat=D_quality_filter_debt_profitaccel_liq__target=2025-11-30__v=11.csv","C:\Users\chanw\ai_inv_adv\data\archive\old_versions\live_actions\live_actions__asof=2025-11-16__metric=revenue_op__strat=D_quality_filter_debt_profitaccel_liq__target=2025-11-30__v=11.csv","moved"
"C:\Users\chanw\ai_inv_adv\data\live\actions\live_actions__asof=2025-11-16__metric=revenue_op__strat=D_quality_filter_debt_profitaccel_liq__target=2025-11-30__v=12.csv","C:\Users\chanw\ai_inv_adv\data\archive\old_versions\live_actions\live_actions__asof=2025-11-16__metric=revenue_op__strat=D_quality_filter_debt_profitaccel_liq__target=2025-11-30__v=12.csv","moved"
"C:\Users\chanw\ai_inv_adv\data\live\actions\live_actions__asof=2026-02-18__metric=revenue_op__k=10__strat=D_quality_filter_debt_profitaccel__v=2__target=2026-02-28.csv","C:\Users\chanw\ai_inv_adv\data\archive\old_versions\live_actions\live_actions__asof=2026-02-18__metric=revenue_op__k=10__strat=D_quality_filter_debt_profitaccel__v=2__target=2026-02-28.csv","moved"
"C:\Users\chanw\ai_inv_adv\data\live\actions\live_actions__asof=2026-02-18__metric=revenue_op__k=10__strat=D_quality_filter_debt_profitaccel__v=2__target=2026-02-28__target_portfolio.csv","C:\Users\chanw\ai_inv_adv\data\archive\old_versions\live_actions\live_actions__asof=2026-02-18__metric=revenue_op__k=10__strat=D_quality_filter_debt_profitaccel__v=2__target=2026-02-28__target_portfolio.csv","moved"
"C:\Users\chanw\ai_inv_adv\data\live\actions\live_actions__asof=2026-02-18__metric=revenue_op__k=10__strat=D_quality_filter_debt_profitaccel__v=3__target=2025-11-30.csv","C:\Users\chanw\ai_inv_adv\data\archive\old_versions\live_actions\live_actions__asof=2026-02-18__metric=revenue_op__k=10__strat=D_quality_filter_debt_profitaccel__v=3__target=2025-11-30.csv","moved"
"C:\Users\chanw\ai_inv_adv\data\live\actions\live_actions__asof=2026-02-18__metric=revenue_op__k=10__strat=D_quality_filter_debt_profitaccel__v=3__target=2025-11-30__target_portfolio.csv","C:\Users\chanw\ai_inv_adv\data\archive\old_versions\live_actions\live_actions__asof=2026-02-18__metric=revenue_op__k=10__strat=D_quality_filter_debt_profitaccel__v=3__target=2025-11-30__target_portfolio.csv","moved"
"C:\Users\chanw\ai_inv_adv\data\live\actions\live_actions__asof=2026-03-13__metric=revenue_op__strat=D_quality_filter_debt_profitaccel_liq__target=2026-03-31__v=2.csv","C:\Users\chanw\ai_inv_adv\data\archive\old_versions\live_actions\live_actions__asof=2026-03-13__metric=revenue_op__strat=D_quality_filter_debt_profitaccel_liq__target=2026-03-31__v=2.csv","moved"
"C:\Users\chanw\ai_inv_adv\data\live\actions\live_actions__asof=2026-03-21__metric=revenue_op__strat=D_quality_filter_debt_profitaccel_liq__target=2026-03-31__v=3.csv","C:\Users\chanw\ai_inv_adv\data\archive\old_versions\live_actions\live_actions__asof=2026-03-21__metric=revenue_op__strat=D_quality_filter_debt_profitaccel_liq__target=2026-03-31__v=3.csv","moved"
"C:\Users\chanw\ai_inv_adv\data\live\actions\live_actions__asof=2026-03-31__metric=revenue_op__strat=D_quality_filter_debt_profitaccel_liq__target=2026-03-31__v=4.csv","C:\Users\chanw\ai_inv_adv\data\archive\old_versions\live_actions\live_actions__asof=2026-03-31__metric=revenue_op__strat=D_quality_filter_debt_profitaccel_liq__target=2026-03-31__v=4.csv","moved"
"C:\Users\chanw\ai_inv_adv\data\live\actions\live_actions__asof=2026-03-31__metric=revenue_op__strat=D_quality_filter_debt_profitaccel_liq__target=2026-03-31__v=5.csv","C:\Users\chanw\ai_inv_adv\data\archive\old_versions\live_actions\live_actions__asof=2026-03-31__metric=revenue_op__strat=D_quality_filter_debt_profitaccel_liq__target=2026-03-31__v=5.csv","moved"
"C:\Users\chanw\ai_inv_adv\data\live\actions\live_actions__asof=2026-03-31__metric=revenue_op__strat=D_quality_filter_debt_profitaccel_liq__target=2026-03-31__v=6.csv","C:\Users\chanw\ai_inv_adv\data\archive\old_versions\live_actions\live_actions__asof=2026-03-31__metric=revenue_op__strat=D_quality_filter_debt_profitaccel_liq__target=2026-03-31__v=6.csv","moved"
"C:\Users\chanw\ai_inv_adv\data\live\candidates\live_candidates__asof=2025-11-16__metric=revenue_op__strat=D_quality_filter_debt_profitaccel_liq__target=2025-11-30__v=11.csv","C:\Users\chanw\ai_inv_adv\data\archive\old_versions\live_candidates\live_candidates__asof=2025-11-16__metric=revenue_op__strat=D_quality_filter_debt_profitaccel_liq__target=2025-11-30__v=11.csv","moved"
"C:\Users\chanw\ai_inv_adv\data\live\candidates\live_candidates__asof=2025-11-16__metric=revenue_op__strat=D_quality_filter_debt_profitaccel_liq__target=2025-11-30__v=12.csv","C:\Users\chanw\ai_inv_adv\data\archive\old_versions\live_candidates\live_candidates__asof=2025-11-16__metric=revenue_op__strat=D_quality_filter_debt_profitaccel_liq__target=2025-11-30__v=12.csv","moved"
"C:\Users\chanw\ai_inv_adv\data\live\candidates\live_candidates__asof=2026-03-21__metric=revenue_op__strat=D_quality_filter_debt_profitaccel_liq__target=2026-03-31__v=3.csv","C:\Users\chanw\ai_inv_adv\data\archive\old_versions\live_candidates\live_candidates__asof=2026-03-21__metric=revenue_op__strat=D_quality_filter_debt_profitaccel_liq__target=2026-03-31__v=3.csv","moved"
"C:\Users\chanw\ai_inv_adv\data\live\candidates\live_candidates__asof=2026-03-31__metric=revenue_op__strat=D_quality_filter_debt_profitaccel_liq__target=2026-03-31__v=4.csv","C:\Users\chanw\ai_inv_adv\data\archive\old_versions\live_candidates\live_candidates__asof=2026-03-31__metric=revenue_op__strat=D_quality_filter_debt_profitaccel_liq__target=2026-03-31__v=4.csv","moved"
"C:\Users\chanw\ai_inv_adv\data\live\candidates\live_candidates__asof=2026-03-31__metric=revenue_op__strat=D_quality_filter_debt_profitaccel_liq__target=2026-03-31__v=5.csv","C:\Users\chanw\ai_inv_adv\data\archive\old_versions\live_candidates\live_candidates__asof=2026-03-31__metric=revenue_op__strat=D_quality_filter_debt_profitaccel_liq__target=2026-03-31__v=5.csv","moved"
"C:\Users\chanw\ai_inv_adv\data\live\candidates\live_candidates__asof=2026-03-31__metric=revenue_op__strat=D_quality_filter_debt_profitaccel_liq__target=2026-03-31__v=6.csv","C:\Users\chanw\ai_inv_adv\data\archive\old_versions\live_candidates\live_candidates__asof=2026-03-31__metric=revenue_op__strat=D_quality_filter_debt_profitaccel_liq__target=2026-03-31__v=6.csv","moved"
"C:\Users\chanw\ai_inv_adv\data\live\reports\rebalance_report_detail__asof=2025-11-16__target=2025-11-30__metric=revenue_op__strat=D_quality_filter_debt_profitaccel_liq__v=11.csv","C:\Users\chanw\ai_inv_adv\data\archive\old_versions\reports\rebalance_report_detail__asof=2025-11-16__target=2025-11-30__metric=revenue_op__strat=D_quality_filter_debt_profitaccel_liq__v=11.csv","moved"
"C:\Users\chanw\ai_inv_adv\data\live\reports\rebalance_report_detail__asof=2025-11-16__target=2025-11-30__metric=revenue_op__strat=D_quality_filter_debt_profitaccel_liq__v=12.csv","C:\Users\chanw\ai_inv_adv\data\archive\old_versions\reports\rebalance_report_detail__asof=2025-11-16__target=2025-11-30__metric=revenue_op__strat=D_quality_filter_debt_profitaccel_liq__v=12.csv","moved"
"C:\Users\chanw\ai_inv_adv\data\live\reports\rebalance_report_detail__asof=2025-11-16__target=2025-11-30__strat=D_quality_filter_debt_profitaccel_liq__v=11.csv","C:\Users\chanw\ai_inv_adv\data\archive\old_versions\reports\rebalance_report_detail__asof=2025-11-16__target=2025-11-30__strat=D_quality_filter_debt_profitaccel_liq__v=11.csv","moved"
"C:\Users\chanw\ai_inv_adv\data\live\reports\rebalance_report_detail__asof=2026-03-13__target=2026-03-31__strat=D_quality_filter_debt_profitaccel_liq__v=2.csv","C:\Users\chanw\ai_inv_adv\data\archive\old_versions\reports\rebalance_report_detail__asof=2026-03-13__target=2026-03-31__strat=D_quality_filter_debt_profitaccel_liq__v=2.csv","moved"
"C:\Users\chanw\ai_inv_adv\data\live\reports\rebalance_report_detail__asof=2026-03-13__target=2026-03-31__strat=D_quality_filter_debt_profitaccel_liq__v=3.csv","C:\Users\chanw\ai_inv_adv\data\archive\old_versions\reports\rebalance_report_detail__asof=2026-03-13__target=2026-03-31__strat=D_quality_filter_debt_profitaccel_liq__v=3.csv","moved"
"C:\Users\chanw\ai_inv_adv\data\live\reports\rebalance_report_detail__asof=2026-03-13__target=2026-03-31__strat=D_quality_filter_debt_profitaccel_liq__v=4.csv","C:\Users\chanw\ai_inv_adv\data\archive\old_versions\reports\rebalance_report_detail__asof=2026-03-13__target=2026-03-31__strat=D_quality_filter_debt_profitaccel_liq__v=4.csv","moved"
"C:\Users\chanw\ai_inv_adv\data\live\reports\rebalance_report_detail__asof=2026-03-13__target=2026-03-31__strat=D_quality_filter_debt_profitaccel_liq__v=5.csv","C:\Users\chanw\ai_inv_adv\data\archive\old_versions\reports\rebalance_report_detail__asof=2026-03-13__target=2026-03-31__strat=D_quality_filter_debt_profitaccel_liq__v=5.csv","moved"
"C:\Users\chanw\ai_inv_adv\data\live\reports\rebalance_report_detail__asof=2026-03-13__target=2026-03-31__strat=D_quality_filter_debt_profitaccel_liq__v=6.csv","C:\Users\chanw\ai_inv_adv\data\archive\old_versions\reports\rebalance_report_detail__asof=2026-03-13__target=2026-03-31__strat=D_quality_filter_debt_profitaccel_liq__v=6.csv","moved"
"C:\Users\chanw\ai_inv_adv\data\live\reports\rebalance_report_detail__asof=2026-03-21__target=2026-03-31__strat=D_quality_filter_debt_profitaccel_liq__v=7.csv","C:\Users\chanw\ai_inv_adv\data\archive\old_versions\reports\rebalance_report_detail__asof=2026-03-21__target=2026-03-31__strat=D_quality_filter_debt_profitaccel_liq__v=7.csv","moved"
"C:\Users\chanw\ai_inv_adv\data\live\reports\rebalance_report_detail__asof=2026-03-31__target=2026-03-31__strat=D_quality_filter_debt_profitaccel_liq__v=10.csv","C:\Users\chanw\ai_inv_adv\data\archive\old_versions\reports\rebalance_report_detail__asof=2026-03-31__target=2026-03-31__strat=D_quality_filter_debt_profitaccel_liq__v=10.csv","moved"
"C:\Users\chanw\ai_inv_adv\data\live\reports\rebalance_report_detail__asof=2026-03-31__target=2026-03-31__strat=D_quality_filter_debt_profitaccel_liq__v=11.csv","C:\Users\chanw\ai_inv_adv\data\archive\old_versions\reports\rebalance_report_detail__asof=2026-03-31__target=2026-03-31__strat=D_quality_filter_debt_profitaccel_liq__v=11.csv","moved"
"C:\Users\chanw\ai_inv_adv\data\live\reports\rebalance_report_detail__asof=2026-03-31__target=2026-03-31__strat=D_quality_filter_debt_profitaccel_liq__v=12.csv","C:\Users\chanw\ai_inv_adv\data\archive\old_versions\reports\rebalance_report_detail__asof=2026-03-31__target=2026-03-31__strat=D_quality_filter_debt_profitaccel_liq__v=12.csv","moved"
"C:\Users\chanw\ai_inv_adv\data\live\reports\rebalance_report_detail__asof=2026-03-31__target=2026-03-31__strat=D_quality_filter_debt_profitaccel_liq__v=8.csv","C:\Users\chanw\ai_inv_adv\data\archive\old_versions\reports\rebalance_report_detail__asof=2026-03-31__target=2026-03-31__strat=D_quality_filter_debt_profitaccel_liq__v=8.csv","moved"
"C:\Users\chanw\ai_inv_adv\data\live\reports\rebalance_report_detail__asof=2026-03-31__target=2026-03-31__strat=D_quality_filter_debt_profitaccel_liq__v=9.csv","C:\Users\chanw\ai_inv_adv\data\archive\old_versions\reports\rebalance_report_detail__asof=2026-03-31__target=2026-03-31__strat=D_quality_filter_debt_profitaccel_liq__v=9.csv","moved"
"C:\Users\chanw\ai_inv_adv\data\live\reports\rebalance_report__asof=2025-11-16__target=2025-11-30__metric=revenue_op__strat=D_quality_filter_debt_profitaccel_liq__v=11.html","C:\Users\chanw\ai_inv_adv\data\archive\old_versions\reports\rebalance_report__asof=2025-11-16__target=2025-11-30__metric=revenue_op__strat=D_quality_filter_debt_profitaccel_liq__v=11.html","moved"
"C:\Users\chanw\ai_inv_adv\data\live\reports\rebalance_report__asof=2025-11-16__target=2025-11-30__metric=revenue_op__strat=D_quality_filter_debt_profitaccel_liq__v=11.md","C:\Users\chanw\ai_inv_adv\data\archive\old_versions\reports\rebalance_report__asof=2025-11-16__target=2025-11-30__metric=revenue_op__strat=D_quality_filter_debt_profitaccel_liq__v=11.md","moved"
"C:\Users\chanw\ai_inv_adv\data\live\reports\rebalance_report__asof=2025-11-16__target=2025-11-30__strat=D_quality_filter_debt_profitaccel_liq__v=11.html","C:\Users\chanw\ai_inv_adv\data\archive\old_versions\reports\rebalance_report__asof=2025-11-16__target=2025-11-30__strat=D_quality_filter_debt_profitaccel_liq__v=11.html","moved"
"C:\Users\chanw\ai_inv_adv\data\live\reports\rebalance_report__asof=2025-11-16__target=2025-11-30__strat=D_quality_filter_debt_profitaccel_liq__v=11.md","C:\Users\chanw\ai_inv_adv\data\archive\old_versions\reports\rebalance_report__asof=2025-11-16__target=2025-11-30__strat=D_quality_filter_debt_profitaccel_liq__v=11.md","moved"
"C:\Users\chanw\ai_inv_adv\data\live\reports\rebalance_report__asof=2026-03-13__target=2026-03-31__strat=D_quality_filter_debt_profitaccel_liq__v=2.md","C:\Users\chanw\ai_inv_adv\data\archive\old_versions\reports\rebalance_report__asof=2026-03-13__target=2026-03-31__strat=D_quality_filter_debt_profitaccel_liq__v=2.md","moved"
"C:\Users\chanw\ai_inv_adv\data\live\reports\rebalance_report__asof=2026-03-13__target=2026-03-31__strat=D_quality_filter_debt_profitaccel_liq__v=3.html","C:\Users\chanw\ai_inv_adv\data\archive\old_versions\reports\rebalance_report__asof=2026-03-13__target=2026-03-31__strat=D_quality_filter_debt_profitaccel_liq__v=3.html","moved"
"C:\Users\chanw\ai_inv_adv\data\live\reports\rebalance_report__asof=2026-03-13__target=2026-03-31__strat=D_quality_filter_debt_profitaccel_liq__v=3.md","C:\Users\chanw\ai_inv_adv\data\archive\old_versions\reports\rebalance_report__asof=2026-03-13__target=2026-03-31__strat=D_quality_filter_debt_profitaccel_liq__v=3.md","moved"
"C:\Users\chanw\ai_inv_adv\data\live\reports\rebalance_report__asof=2026-03-13__target=2026-03-31__strat=D_quality_filter_debt_profitaccel_liq__v=4.html","C:\Users\chanw\ai_inv_adv\data\archive\old_versions\reports\rebalance_report__asof=2026-03-13__target=2026-03-31__strat=D_quality_filter_debt_profitaccel_liq__v=4.html","moved"
"C:\Users\chanw\ai_inv_adv\data\live\reports\rebalance_report__asof=2026-03-13__target=2026-03-31__strat=D_quality_filter_debt_profitaccel_liq__v=4.md","C:\Users\chanw\ai_inv_adv\data\archive\old_versions\reports\rebalance_report__asof=2026-03-13__target=2026-03-31__strat=D_quality_filter_debt_profitaccel_liq__v=4.md","moved"
"C:\Users\chanw\ai_inv_adv\data\live\reports\rebalance_report__asof=2026-03-13__target=2026-03-31__strat=D_quality_filter_debt_profitaccel_liq__v=5.html","C:\Users\chanw\ai_inv_adv\data\archive\old_versions\reports\rebalance_report__asof=2026-03-13__target=2026-03-31__strat=D_quality_filter_debt_profitaccel_liq__v=5.html","moved"
"C:\Users\chanw\ai_inv_adv\data\live\reports\rebalance_report__asof=2026-03-13__target=2026-03-31__strat=D_quality_filter_debt_profitaccel_liq__v=5.md","C:\Users\chanw\ai_inv_adv\data\archive\old_versions\reports\rebalance_report__asof=2026-03-13__target=2026-03-31__strat=D_quality_filter_debt_profitaccel_liq__v=5.md","moved"
"C:\Users\chanw\ai_inv_adv\data\live\reports\rebalance_report__asof=2026-03-13__target=2026-03-31__strat=D_quality_filter_debt_profitaccel_liq__v=6.html","C:\Users\chanw\ai_inv_adv\data\archive\old_versions\reports\rebalance_report__asof=2026-03-13__target=2026-03-31__strat=D_quality_filter_debt_profitaccel_liq__v=6.html","moved"
"C:\Users\chanw\ai_inv_adv\data\live\reports\rebalance_report__asof=2026-03-13__target=2026-03-31__strat=D_quality_filter_debt_profitaccel_liq__v=6.md","C:\Users\chanw\ai_inv_adv\data\archive\old_versions\reports\rebalance_report__asof=2026-03-13__target=2026-03-31__strat=D_quality_filter_debt_profitaccel_liq__v=6.md","moved"
"C:\Users\chanw\ai_inv_adv\data\live\reports\rebalance_report__asof=2026-03-21__target=2026-03-31__strat=D_quality_filter_debt_profitaccel_liq__v=7.html","C:\Users\chanw\ai_inv_adv\data\archive\old_versions\reports\rebalance_report__asof=2026-03-21__target=2026-03-31__strat=D_quality_filter_debt_profitaccel_liq__v=7.html","moved"
"C:\Users\chanw\ai_inv_adv\data\live\reports\rebalance_report__asof=2026-03-21__target=2026-03-31__strat=D_quality_filter_debt_profitaccel_liq__v=7.md","C:\Users\chanw\ai_inv_adv\data\archive\old_versions\reports\rebalance_report__asof=2026-03-21__target=2026-03-31__strat=D_quality_filter_debt_profitaccel_liq__v=7.md","moved"
"C:\Users\chanw\ai_inv_adv\data\live\reports\rebalance_report__asof=2026-03-31__target=2026-03-31__strat=D_quality_filter_debt_profitaccel_liq__v=10.html","C:\Users\chanw\ai_inv_adv\data\archive\old_versions\reports\rebalance_report__asof=2026-03-31__target=2026-03-31__strat=D_quality_filter_debt_profitaccel_liq__v=10.html","moved"
"C:\Users\chanw\ai_inv_adv\data\live\reports\rebalance_report__asof=2026-03-31__target=2026-03-31__strat=D_quality_filter_debt_profitaccel_liq__v=10.md","C:\Users\chanw\ai_inv_adv\data\archive\old_versions\reports\rebalance_report__asof=2026-03-31__target=2026-03-31__strat=D_quality_filter_debt_profitaccel_liq__v=10.md","moved"
"C:\Users\chanw\ai_inv_adv\data\live\reports\rebalance_report__asof=2026-03-31__target=2026-03-31__strat=D_quality_filter_debt_profitaccel_liq__v=11.html","C:\Users\chanw\ai_inv_adv\data\archive\old_versions\reports\rebalance_report__asof=2026-03-31__target=2026-03-31__strat=D_quality_filter_debt_profitaccel_liq__v=11.html","moved"
"C:\Users\chanw\ai_inv_adv\data\live\reports\rebalance_report__asof=2026-03-31__target=2026-03-31__strat=D_quality_filter_debt_profitaccel_liq__v=11.md","C:\Users\chanw\ai_inv_adv\data\archive\old_versions\reports\rebalance_report__asof=2026-03-31__target=2026-03-31__strat=D_quality_filter_debt_profitaccel_liq__v=11.md","moved"
"C:\Users\chanw\ai_inv_adv\data\live\reports\rebalance_report__asof=2026-03-31__target=2026-03-31__strat=D_quality_filter_debt_profitaccel_liq__v=12.html","C:\Users\chanw\ai_inv_adv\data\archive\old_versions\reports\rebalance_report__asof=2026-03-31__target=2026-03-31__strat=D_quality_filter_debt_profitaccel_liq__v=12.html","moved"
"C:\Users\chanw\ai_inv_adv\data\live\reports\rebalance_report__asof=2026-03-31__target=2026-03-31__strat=D_quality_filter_debt_profitaccel_liq__v=12.md","C:\Users\chanw\ai_inv_adv\data\archive\old_versions\reports\rebalance_report__asof=2026-03-31__target=2026-03-31__strat=D_quality_filter_debt_profitaccel_liq__v=12.md","moved"
"C:\Users\chanw\ai_inv_adv\data\live\reports\rebalance_report__asof=2026-03-31__target=2026-03-31__strat=D_quality_filter_debt_profitaccel_liq__v=8.html","C:\Users\chanw\ai_inv_adv\data\archive\old_versions\reports\rebalance_report__asof=2026-03-31__target=2026-03-31__strat=D_quality_filter_debt_profitaccel_liq__v=8.html","moved"
"C:\Users\chanw\ai_inv_adv\data\live\reports\rebalance_report__asof=2026-03-31__target=2026-03-31__strat=D_quality_filter_debt_profitaccel_liq__v=8.md","C:\Users\chanw\ai_inv_adv\data\archive\old_versions\reports\rebalance_report__asof=2026-03-31__target=2026-03-31__strat=D_quality_filter_debt_profitaccel_liq__v=8.md","moved"
"C:\Users\chanw\ai_inv_adv\data\live\reports\rebalance_report__asof=2026-03-31__target=2026-03-31__strat=D_quality_filter_debt_profitaccel_liq__v=9.html","C:\Users\chanw\ai_inv_adv\data\archive\old_versions\reports\rebalance_report__asof=2026-03-31__target=2026-03-31__strat=D_quality_filter_debt_profitaccel_liq__v=9.html","moved"
"C:\Users\chanw\ai_inv_adv\data\live\reports\rebalance_report__asof=2026-03-31__target=2026-03-31__strat=D_quality_filter_debt_profitaccel_liq__v=9.md","C:\Users\chanw\ai_inv_adv\data\archive\old_versions\reports\rebalance_report__asof=2026-03-31__target=2026-03-31__strat=D_quality_filter_debt_profitaccel_liq__v=9.md","moved"
"C:\Users\chanw\ai_inv_adv\data\live\scores\latest_scores__asof=2025-11-30__metric=revenue_op__strat=D_quality_filter_debt_profitaccel_liq__featv=301__target=2025-11-30__coverage.json","C:\Users\chanw\ai_inv_adv\data\archive\old_versions\latest_scores\latest_scores__asof=2025-11-30__metric=revenue_op__strat=D_quality_filter_debt_profitaccel_liq__featv=301__target=2025-11-30__coverage.json","moved"
"C:\Users\chanw\ai_inv_adv\data\live\scores\latest_scores__asof=2025-11-30__metric=revenue_op__strat=D_quality_filter_debt_profitaccel_liq__featv=301__target=2025-11-30__current_holdings_scored.csv","C:\Users\chanw\ai_inv_adv\data\archive\old_versions\latest_scores\latest_scores__asof=2025-11-30__metric=revenue_op__strat=D_quality_filter_debt_profitaccel_liq__featv=301__target=2025-11-30__current_holdings_scored.csv","moved"
"C:\Users\chanw\ai_inv_adv\data\live\scores\latest_scores__asof=2025-11-30__metric=revenue_op__strat=D_quality_filter_debt_profitaccel_liq__featv=301__target=2025-11-30__full_universe.csv","C:\Users\chanw\ai_inv_adv\data\archive\old_versions\latest_scores\latest_scores__asof=2025-11-30__metric=revenue_op__strat=D_quality_filter_debt_profitaccel_liq__featv=301__target=2025-11-30__full_universe.csv","moved"
"C:\Users\chanw\ai_inv_adv\data\live\scores\latest_scores__asof=2025-11-30__metric=revenue_op__strat=D_quality_filter_debt_profitaccel_liq__featv=301__target=2025-11-30__topk.csv","C:\Users\chanw\ai_inv_adv\data\archive\old_versions\latest_scores\latest_scores__asof=2025-11-30__metric=revenue_op__strat=D_quality_filter_debt_profitaccel_liq__featv=301__target=2025-11-30__topk.csv","moved"
"C:\Users\chanw\ai_inv_adv\data\live\scores\latest_scores__asof=2026-03-13__metric=revenue_op__strat=D_quality_filter_debt_profitaccel_liq__featv=110__target=2026-03-31__full_universe.csv","C:\Users\chanw\ai_inv_adv\data\archive\old_versions\latest_scores\latest_scores__asof=2026-03-13__metric=revenue_op__strat=D_quality_filter_debt_profitaccel_liq__featv=110__target=2026-03-31__full_universe.csv","moved"
"C:\Users\chanw\ai_inv_adv\data\live\scores\latest_scores__asof=2026-03-13__metric=revenue_op__strat=D_quality_filter_debt_profitaccel_liq__featv=110__target=2026-03-31__topk.csv","C:\Users\chanw\ai_inv_adv\data\archive\old_versions\latest_scores\latest_scores__asof=2026-03-13__metric=revenue_op__strat=D_quality_filter_debt_profitaccel_liq__featv=110__target=2026-03-31__topk.csv","moved"
"C:\Users\chanw\ai_inv_adv\data\live\scores\latest_scores__asof=2026-03-13__metric=revenue_op__strat=D_quality_filter_debt_profitaccel__featv=10__target=2026-03-31__current_holdings_scored.csv","C:\Users\chanw\ai_inv_adv\data\archive\old_versions\latest_scores\latest_scores__asof=2026-03-13__metric=revenue_op__strat=D_quality_filter_debt_profitaccel__featv=10__target=2026-03-31__current_holdings_scored.csv","moved"
"C:\Users\chanw\ai_inv_adv\data\live\scores\latest_scores__asof=2026-03-13__metric=revenue_op__strat=D_quality_filter_debt_profitaccel__featv=10__target=2026-03-31__full_universe.csv","C:\Users\chanw\ai_inv_adv\data\archive\old_versions\latest_scores\latest_scores__asof=2026-03-13__metric=revenue_op__strat=D_quality_filter_debt_profitaccel__featv=10__target=2026-03-31__full_universe.csv","moved"
"C:\Users\chanw\ai_inv_adv\data\live\scores\latest_scores__asof=2026-03-13__metric=revenue_op__strat=D_quality_filter_debt_profitaccel__featv=10__target=2026-03-31__topk.csv","C:\Users\chanw\ai_inv_adv\data\archive\old_versions\latest_scores\latest_scores__asof=2026-03-13__metric=revenue_op__strat=D_quality_filter_debt_profitaccel__featv=10__target=2026-03-31__topk.csv","moved"
"C:\Users\chanw\ai_inv_adv\data\live\scores\latest_scores__asof=2026-03-13__metric=revenue_op__strat=D_quality_filter_debt_profitaccel__featv=11__target=2026-03-31__current_holdings_scored.csv","C:\Users\chanw\ai_inv_adv\data\archive\old_versions\latest_scores\latest_scores__asof=2026-03-13__metric=revenue_op__strat=D_quality_filter_debt_profitaccel__featv=11__target=2026-03-31__current_holdings_scored.csv","moved"
"C:\Users\chanw\ai_inv_adv\data\live\scores\latest_scores__asof=2026-03-13__metric=revenue_op__strat=D_quality_filter_debt_profitaccel__featv=11__target=2026-03-31__full_universe.csv","C:\Users\chanw\ai_inv_adv\data\archive\old_versions\latest_scores\latest_scores__asof=2026-03-13__metric=revenue_op__strat=D_quality_filter_debt_profitaccel__featv=11__target=2026-03-31__full_universe.csv","moved"
"C:\Users\chanw\ai_inv_adv\data\live\scores\latest_scores__asof=2026-03-13__metric=revenue_op__strat=D_quality_filter_debt_profitaccel__featv=11__target=2026-03-31__topk.csv","C:\Users\chanw\ai_inv_adv\data\archive\old_versions\latest_scores\latest_scores__asof=2026-03-13__metric=revenue_op__strat=D_quality_filter_debt_profitaccel__featv=11__target=2026-03-31__topk.csv","moved"
"C:\Users\chanw\ai_inv_adv\data\live\scores\latest_scores__asof=2026-03-13__metric=revenue_op__strat=D_quality_filter_debt_profitaccel__featv=12__target=2026-03-31__current_holdings_scored.csv","C:\Users\chanw\ai_inv_adv\data\archive\old_versions\latest_scores\latest_scores__asof=2026-03-13__metric=revenue_op__strat=D_quality_filter_debt_profitaccel__featv=12__target=2026-03-31__current_holdings_scored.csv","moved"
"C:\Users\chanw\ai_inv_adv\data\live\scores\latest_scores__asof=2026-03-13__metric=revenue_op__strat=D_quality_filter_debt_profitaccel__featv=12__target=2026-03-31__full_universe.csv","C:\Users\chanw\ai_inv_adv\data\archive\old_versions\latest_scores\latest_scores__asof=2026-03-13__metric=revenue_op__strat=D_quality_filter_debt_profitaccel__featv=12__target=2026-03-31__full_universe.csv","moved"
"C:\Users\chanw\ai_inv_adv\data\live\scores\latest_scores__asof=2026-03-13__metric=revenue_op__strat=D_quality_filter_debt_profitaccel__featv=12__target=2026-03-31__topk.csv","C:\Users\chanw\ai_inv_adv\data\archive\old_versions\latest_scores\latest_scores__asof=2026-03-13__metric=revenue_op__strat=D_quality_filter_debt_profitaccel__featv=12__target=2026-03-31__topk.csv","moved"
"C:\Users\chanw\ai_inv_adv\data\live\scores\latest_scores__asof=2026-03-13__metric=revenue_op__strat=D_quality_filter_debt_profitaccel__featv=4__target=2026-03-31__current_holdings_scored.csv","C:\Users\chanw\ai_inv_adv\data\archive\old_versions\latest_scores\latest_scores__asof=2026-03-13__metric=revenue_op__strat=D_quality_filter_debt_profitaccel__featv=4__target=2026-03-31__current_holdings_scored.csv","moved"
"C:\Users\chanw\ai_inv_adv\data\live\scores\latest_scores__asof=2026-03-13__metric=revenue_op__strat=D_quality_filter_debt_profitaccel__featv=4__target=2026-03-31__full_universe.csv","C:\Users\chanw\ai_inv_adv\data\archive\old_versions\latest_scores\latest_scores__asof=2026-03-13__metric=revenue_op__strat=D_quality_filter_debt_profitaccel__featv=4__target=2026-03-31__full_universe.csv","moved"
"C:\Users\chanw\ai_inv_adv\data\live\scores\latest_scores__asof=2026-03-13__metric=revenue_op__strat=D_quality_filter_debt_profitaccel__featv=4__target=2026-03-31__topk.csv","C:\Users\chanw\ai_inv_adv\data\archive\old_versions\latest_scores\latest_scores__asof=2026-03-13__metric=revenue_op__strat=D_quality_filter_debt_profitaccel__featv=4__target=2026-03-31__topk.csv","moved"
"C:\Users\chanw\ai_inv_adv\data\live\scores\latest_scores__asof=2026-03-13__metric=revenue_op__strat=D_quality_filter_debt_profitaccel__featv=5__target=2026-03-31__current_holdings_scored.csv","C:\Users\chanw\ai_inv_adv\data\archive\old_versions\latest_scores\latest_scores__asof=2026-03-13__metric=revenue_op__strat=D_quality_filter_debt_profitaccel__featv=5__target=2026-03-31__current_holdings_scored.csv","moved"
"C:\Users\chanw\ai_inv_adv\data\live\scores\latest_scores__asof=2026-03-13__metric=revenue_op__strat=D_quality_filter_debt_profitaccel__featv=5__target=2026-03-31__full_universe.csv","C:\Users\chanw\ai_inv_adv\data\archive\old_versions\latest_scores\latest_scores__asof=2026-03-13__metric=revenue_op__strat=D_quality_filter_debt_profitaccel__featv=5__target=2026-03-31__full_universe.csv","moved"
"C:\Users\chanw\ai_inv_adv\data\live\scores\latest_scores__asof=2026-03-13__metric=revenue_op__strat=D_quality_filter_debt_profitaccel__featv=5__target=2026-03-31__topk.csv","C:\Users\chanw\ai_inv_adv\data\archive\old_versions\latest_scores\latest_scores__asof=2026-03-13__metric=revenue_op__strat=D_quality_filter_debt_profitaccel__featv=5__target=2026-03-31__topk.csv","moved"
"C:\Users\chanw\ai_inv_adv\data\live\scores\latest_scores__asof=2026-03-13__metric=revenue_op__strat=D_quality_filter_debt_profitaccel__featv=6__target=2026-03-31__current_holdings_scored.csv","C:\Users\chanw\ai_inv_adv\data\archive\old_versions\latest_scores\latest_scores__asof=2026-03-13__metric=revenue_op__strat=D_quality_filter_debt_profitaccel__featv=6__target=2026-03-31__current_holdings_scored.csv","moved"
"C:\Users\chanw\ai_inv_adv\data\live\scores\latest_scores__asof=2026-03-13__metric=revenue_op__strat=D_quality_filter_debt_profitaccel__featv=6__target=2026-03-31__full_universe.csv","C:\Users\chanw\ai_inv_adv\data\archive\old_versions\latest_scores\latest_scores__asof=2026-03-13__metric=revenue_op__strat=D_quality_filter_debt_profitaccel__featv=6__target=2026-03-31__full_universe.csv","moved"
"C:\Users\chanw\ai_inv_adv\data\live\scores\latest_scores__asof=2026-03-13__metric=revenue_op__strat=D_quality_filter_debt_profitaccel__featv=6__target=2026-03-31__topk.csv","C:\Users\chanw\ai_inv_adv\data\archive\old_versions\latest_scores\latest_scores__asof=2026-03-13__metric=revenue_op__strat=D_quality_filter_debt_profitaccel__featv=6__target=2026-03-31__topk.csv","moved"
"C:\Users\chanw\ai_inv_adv\data\live\scores\latest_scores__asof=2026-03-13__metric=revenue_op__strat=D_quality_filter_debt_profitaccel__featv=7__target=2026-03-31__current_holdings_scored.csv","C:\Users\chanw\ai_inv_adv\data\archive\old_versions\latest_scores\latest_scores__asof=2026-03-13__metric=revenue_op__strat=D_quality_filter_debt_profitaccel__featv=7__target=2026-03-31__current_holdings_scored.csv","moved"
"C:\Users\chanw\ai_inv_adv\data\live\scores\latest_scores__asof=2026-03-13__metric=revenue_op__strat=D_quality_filter_debt_profitaccel__featv=7__target=2026-03-31__full_universe.csv","C:\Users\chanw\ai_inv_adv\data\archive\old_versions\latest_scores\latest_scores__asof=2026-03-13__metric=revenue_op__strat=D_quality_filter_debt_profitaccel__featv=7__target=2026-03-31__full_universe.csv","moved"
"C:\Users\chanw\ai_inv_adv\data\live\scores\latest_scores__asof=2026-03-13__metric=revenue_op__strat=D_quality_filter_debt_profitaccel__featv=7__target=2026-03-31__topk.csv","C:\Users\chanw\ai_inv_adv\data\archive\old_versions\latest_scores\latest_scores__asof=2026-03-13__metric=revenue_op__strat=D_quality_filter_debt_profitaccel__featv=7__target=2026-03-31__topk.csv","moved"
"C:\Users\chanw\ai_inv_adv\data\live\scores\latest_scores__asof=2026-03-13__metric=revenue_op__strat=D_quality_filter_debt_profitaccel__featv=8__target=2026-03-31__current_holdings_scored.csv","C:\Users\chanw\ai_inv_adv\data\archive\old_versions\latest_scores\latest_scores__asof=2026-03-13__metric=revenue_op__strat=D_quality_filter_debt_profitaccel__featv=8__target=2026-03-31__current_holdings_scored.csv","moved"
"C:\Users\chanw\ai_inv_adv\data\live\scores\latest_scores__asof=2026-03-13__metric=revenue_op__strat=D_quality_filter_debt_profitaccel__featv=8__target=2026-03-31__full_universe.csv","C:\Users\chanw\ai_inv_adv\data\archive\old_versions\latest_scores\latest_scores__asof=2026-03-13__metric=revenue_op__strat=D_quality_filter_debt_profitaccel__featv=8__target=2026-03-31__full_universe.csv","moved"
"C:\Users\chanw\ai_inv_adv\data\live\scores\latest_scores__asof=2026-03-13__metric=revenue_op__strat=D_quality_filter_debt_profitaccel__featv=8__target=2026-03-31__topk.csv","C:\Users\chanw\ai_inv_adv\data\archive\old_versions\latest_scores\latest_scores__asof=2026-03-13__metric=revenue_op__strat=D_quality_filter_debt_profitaccel__featv=8__target=2026-03-31__topk.csv","moved"
"C:\Users\chanw\ai_inv_adv\data\live\scores\latest_scores__asof=2026-03-13__metric=revenue_op__strat=D_quality_filter_debt_profitaccel__featv=9__target=2026-03-31__current_holdings_scored.csv","C:\Users\chanw\ai_inv_adv\data\archive\old_versions\latest_scores\latest_scores__asof=2026-03-13__metric=revenue_op__strat=D_quality_filter_debt_profitaccel__featv=9__target=2026-03-31__current_holdings_scored.csv","moved"
"C:\Users\chanw\ai_inv_adv\data\live\scores\latest_scores__asof=2026-03-13__metric=revenue_op__strat=D_quality_filter_debt_profitaccel__featv=9__target=2026-03-31__full_universe.csv","C:\Users\chanw\ai_inv_adv\data\archive\old_versions\latest_scores\latest_scores__asof=2026-03-13__metric=revenue_op__strat=D_quality_filter_debt_profitaccel__featv=9__target=2026-03-31__full_universe.csv","moved"
"C:\Users\chanw\ai_inv_adv\data\live\scores\latest_scores__asof=2026-03-13__metric=revenue_op__strat=D_quality_filter_debt_profitaccel__featv=9__target=2026-03-31__topk.csv","C:\Users\chanw\ai_inv_adv\data\archive\old_versions\latest_scores\latest_scores__asof=2026-03-13__metric=revenue_op__strat=D_quality_filter_debt_profitaccel__featv=9__target=2026-03-31__topk.csv","moved"
"C:\Users\chanw\ai_inv_adv\data\live\scores\latest_scores__asof=2026-03-21__metric=revenue_op__strat=D_quality_filter_debt_profitaccel_liq__featv=206__target=2026-03-31__coverage.json","C:\Users\chanw\ai_inv_adv\data\archive\old_versions\latest_scores\latest_scores__asof=2026-03-21__metric=revenue_op__strat=D_quality_filter_debt_profitaccel_liq__featv=206__target=2026-03-31__coverage.json","moved"
"C:\Users\chanw\ai_inv_adv\data\live\scores\latest_scores__asof=2026-03-21__metric=revenue_op__strat=D_quality_filter_debt_profitaccel_liq__featv=206__target=2026-03-31__current_holdings_scored.csv","C:\Users\chanw\ai_inv_adv\data\archive\old_versions\latest_scores\latest_scores__asof=2026-03-21__metric=revenue_op__strat=D_quality_filter_debt_profitaccel_liq__featv=206__target=2026-03-31__current_holdings_scored.csv","moved"
"C:\Users\chanw\ai_inv_adv\data\live\scores\latest_scores__asof=2026-03-21__metric=revenue_op__strat=D_quality_filter_debt_profitaccel_liq__featv=206__target=2026-03-31__full_universe.csv","C:\Users\chanw\ai_inv_adv\data\archive\old_versions\latest_scores\latest_scores__asof=2026-03-21__metric=revenue_op__strat=D_quality_filter_debt_profitaccel_liq__featv=206__target=2026-03-31__full_universe.csv","moved"
"C:\Users\chanw\ai_inv_adv\data\live\scores\latest_scores__asof=2026-03-21__metric=revenue_op__strat=D_quality_filter_debt_profitaccel_liq__featv=206__target=2026-03-31__topk.csv","C:\Users\chanw\ai_inv_adv\data\archive\old_versions\latest_scores\latest_scores__asof=2026-03-21__metric=revenue_op__strat=D_quality_filter_debt_profitaccel_liq__featv=206__target=2026-03-31__topk.csv","moved"
"C:\Users\chanw\ai_inv_adv\data\live\scores\latest_scores__asof=2026-03-31__metric=revenue_op__strat=D_quality_filter_debt_profitaccel_liq__featv=207__target=2026-03-31__coverage.json","C:\Users\chanw\ai_inv_adv\data\archive\old_versions\latest_scores\latest_scores__asof=2026-03-31__metric=revenue_op__strat=D_quality_filter_debt_profitaccel_liq__featv=207__target=2026-03-31__coverage.json","moved"
"C:\Users\chanw\ai_inv_adv\data\live\scores\latest_scores__asof=2026-03-31__metric=revenue_op__strat=D_quality_filter_debt_profitaccel_liq__featv=207__target=2026-03-31__current_holdings_scored.csv","C:\Users\chanw\ai_inv_adv\data\archive\old_versions\latest_scores\latest_scores__asof=2026-03-31__metric=revenue_op__strat=D_quality_filter_debt_profitaccel_liq__featv=207__target=2026-03-31__current_holdings_scored.csv","moved"
"C:\Users\chanw\ai_inv_adv\data\live\scores\latest_scores__asof=2026-03-31__metric=revenue_op__strat=D_quality_filter_debt_profitaccel_liq__featv=207__target=2026-03-31__full_universe.csv","C:\Users\chanw\ai_inv_adv\data\archive\old_versions\latest_scores\latest_scores__asof=2026-03-31__metric=revenue_op__strat=D_quality_filter_debt_profitaccel_liq__featv=207__target=2026-03-31__full_universe.csv","moved"
"C:\Users\chanw\ai_inv_adv\data\live\scores\latest_scores__asof=2026-03-31__metric=revenue_op__strat=D_quality_filter_debt_profitaccel_liq__featv=207__target=2026-03-31__topk.csv","C:\Users\chanw\ai_inv_adv\data\archive\old_versions\latest_scores\latest_scores__asof=2026-03-31__metric=revenue_op__strat=D_quality_filter_debt_profitaccel_liq__featv=207__target=2026-03-31__topk.csv","moved"
"C:\Users\chanw\ai_inv_adv\data\live\scores\latest_scores__asof=2026-03-31__metric=revenue_op__strat=D_quality_filter_debt_profitaccel_liq__featv=208__target=2026-03-31__coverage.json","C:\Users\chanw\ai_inv_adv\data\archive\old_versions\latest_scores\latest_scores__asof=2026-03-31__metric=revenue_op__strat=D_quality_filter_debt_profitaccel_liq__featv=208__target=2026-03-31__coverage.json","moved"
"C:\Users\chanw\ai_inv_adv\data\live\scores\latest_scores__asof=2026-03-31__metric=revenue_op__strat=D_quality_filter_debt_profitaccel_liq__featv=208__target=2026-03-31__current_holdings_scored.csv","C:\Users\chanw\ai_inv_adv\data\archive\old_versions\latest_scores\latest_scores__asof=2026-03-31__metric=revenue_op__strat=D_quality_filter_debt_profitaccel_liq__featv=208__target=2026-03-31__current_holdings_scored.csv","moved"
"C:\Users\chanw\ai_inv_adv\data\live\scores\latest_scores__asof=2026-03-31__metric=revenue_op__strat=D_quality_filter_debt_profitaccel_liq__featv=208__target=2026-03-31__full_universe.csv","C:\Users\chanw\ai_inv_adv\data\archive\old_versions\latest_scores\latest_scores__asof=2026-03-31__metric=revenue_op__strat=D_quality_filter_debt_profitaccel_liq__featv=208__target=2026-03-31__full_universe.csv","moved"
"C:\Users\chanw\ai_inv_adv\data\live\scores\latest_scores__asof=2026-03-31__metric=revenue_op__strat=D_quality_filter_debt_profitaccel_liq__featv=208__target=2026-03-31__topk.csv","C:\Users\chanw\ai_inv_adv\data\archive\old_versions\latest_scores\latest_scores__asof=2026-03-31__metric=revenue_op__strat=D_quality_filter_debt_profitaccel_liq__featv=208__target=2026-03-31__topk.csv","moved"
"C:\Users\chanw\ai_inv_adv\data\live\scores\latest_scores__asof=2026-03-31__metric=revenue_op__strat=D_quality_filter_debt_profitaccel_liq__featv=209__target=2026-03-31__coverage.json","C:\Users\chanw\ai_inv_adv\data\archive\old_versions\latest_scores\latest_scores__asof=2026-03-31__metric=revenue_op__strat=D_quality_filter_debt_profitaccel_liq__featv=209__target=2026-03-31__coverage.json","moved"
"C:\Users\chanw\ai_inv_adv\data\live\scores\latest_scores__asof=2026-03-31__metric=revenue_op__strat=D_quality_filter_debt_profitaccel_liq__featv=209__target=2026-03-31__current_holdings_scored.csv","C:\Users\chanw\ai_inv_adv\data\archive\old_versions\latest_scores\latest_scores__asof=2026-03-31__metric=revenue_op__strat=D_quality_filter_debt_profitaccel_liq__featv=209__target=2026-03-31__current_holdings_scored.csv","moved"
"C:\Users\chanw\ai_inv_adv\data\live\scores\latest_scores__asof=2026-03-31__metric=revenue_op__strat=D_quality_filter_debt_profitaccel_liq__featv=209__target=2026-03-31__full_universe.csv","C:\Users\chanw\ai_inv_adv\data\archive\old_versions\latest_scores\latest_scores__asof=2026-03-31__metric=revenue_op__strat=D_quality_filter_debt_profitaccel_liq__featv=209__target=2026-03-31__full_universe.csv","moved"
"C:\Users\chanw\ai_inv_adv\data\live\scores\latest_scores__asof=2026-03-31__metric=revenue_op__strat=D_quality_filter_debt_profitaccel_liq__featv=209__target=2026-03-31__topk.csv","C:\Users\chanw\ai_inv_adv\data\archive\old_versions\latest_scores\latest_scores__asof=2026-03-31__metric=revenue_op__strat=D_quality_filter_debt_profitaccel_liq__featv=209__target=2026-03-31__topk.csv","moved"
