ticker,name,score,score_rank,industry_code,industry_name,is_current,is_selected_final,action,reason
080220,제주반도체,2.9209464293276586,8.0,032601,반도체 제조업,0,0,CHECK,후보군 참고용 (비보유/최종 미선정)
100840,SNT에너지,2.906969266846313,9.0,032901,일반 목적용 기계 제조업,0,0,CHECK,후보군 참고용 (비보유/최종 미선정)
353200,대덕전자,2.88032724620639,10.0,032602,전자부품 제조업,0,0,CHECK,후보군 참고용 (비보유/최종 미선정)
042000,카페24,2.7865157238507585,11.0,106301,"자료처리, 호스팅, 포털 및 기타 인터넷 정보매개 서비스업",0,0,CHECK,후보군 참고용 (비보유/최종 미선정)
131290,티에스이,2.7263435244561407,12.0,032702,"측정, 시험, 항해, 제어 및 기타 정밀기기 제조업; 광학기기 제외",0,0,CHECK,후보군 참고용 (비보유/최종 미선정)
003620,KG모빌리티,2.672702389552136,13.0,033001,자동차용 엔진 및 자동차 제조업,0,0,CHECK,후보군 참고용 (비보유/최종 미선정)
053610,프로텍,2.6597683666299488,14.0,032902,특수 목적용 기계 제조업,0,0,CHECK,후보군 참고용 (비보유/최종 미선정)
097230,HJ중공업,2.600735589316935,15.0,064102,토목 건설업,0,0,CHECK,후보군 참고용 (비보유/최종 미선정)
095610,테스,2.564962440950555,16.0,032902,특수 목적용 기계 제조업,0,0,CHECK,후보군 참고용 (비보유/최종 미선정)
251270,넷마블,2.383331131210402,17.0,105802,소프트웨어 개발 및 공급업,0,0,CHECK,후보군 참고용 (비보유/최종 미선정)
278470,에이피알,2.347148572864394,18.0,032004,기타 화학제품 제조업,0,0,CHECK,후보군 참고용 (비보유/최종 미선정)
000250,삼천당제약,2.1670129245128718,19.0,032102,의약품 제조업,0,0,CHECK,후보군 참고용 (비보유/최종 미선정)
033240,자화전자,2.0318061399546496,20.0,032602,전자부품 제조업,0,0,CHECK,후보군 참고용 (비보유/최종 미선정)
000660,SK하이닉스,1.9447499498785572,21.0,032601,반도체 제조업,0,0,CHECK,후보군 참고용 (비보유/최종 미선정)
035760,CJ ENM,1.9435820501396623,22.0,106002,텔레비전 방송업,0,0,CHECK,후보군 참고용 (비보유/최종 미선정)
237690,에스티팜,1.9413382166698423,23.0,032102,의약품 제조업,0,0,CHECK,후보군 참고용 (비보유/최종 미선정)
189300,인텔리안테크,1.850231587790024,24.0,032604,통신 및 방송 장비 제조업,0,0,CHECK,후보군 참고용 (비보유/최종 미선정)
099190,아이센스,1.8452159201955027,25.0,032701,의료용 기기 제조업,0,0,CHECK,후보군 참고용 (비보유/최종 미선정)
041510,에스엠,1.7591275685617245,26.0,105902,오디오물 출판 및 원판 녹음업,0,0,CHECK,후보군 참고용 (비보유/최종 미선정)
124500,아이티센글로벌,1.634786969269319,27.0,106201,"컴퓨터 프로그래밍, 시스템 통합 및 관리업",0,0,CHECK,후보군 참고용 (비보유/최종 미선정)
083650,비에이치아이,1.5826457199093065,28.0,032901,일반 목적용 기계 제조업,0,0,CHECK,후보군 참고용 (비보유/최종 미선정)
009970,영원무역홀딩스,1.5364192791530042,29.0,116409,기타 금융업,0,0,CHECK,후보군 참고용 (비보유/최종 미선정)
121600,나노신소재,1.5114614556135968,30.0,032004,기타 화학제품 제조업,0,0,CHECK,후보군 참고용 (비보유/최종 미선정)
336570,원텍,1.4962726473119938,31.0,032701,의료용 기기 제조업,0,0,CHECK,후보군 참고용 (비보유/최종 미선정)
232140,와이씨,1.4082603538730505,32.0,032902,특수 목적용 기계 제조업,0,0,CHECK,후보군 참고용 (비보유/최종 미선정)
075580,세진중공업,1.332498463364381,33.0,033101,선박 및 보트 건조업,0,0,CHECK,후보군 참고용 (비보유/최종 미선정)
101490,에스앤에스텍,1.2086067048103046,34.0,032602,전자부품 제조업,0,0,CHECK,후보군 참고용 (비보유/최종 미선정)
023160,태광,1.2005671538758254,35.0,032401,1차 철강 제조업,0,0,CHECK,후보군 참고용 (비보유/최종 미선정)
035900,JYP Ent.,1.1994502463033705,36.0,105902,오디오물 출판 및 원판 녹음업,0,0,CHECK,후보군 참고용 (비보유/최종 미선정)
068270,셀트리온,1.1523426850697516,37.0,032101,기초 의약물질 제조업,0,0,CHECK,후보군 참고용 (비보유/최종 미선정)
249420,일동제약,1.1466996128590503,38.0,032102,의약품 제조업,0,0,CHECK,후보군 참고용 (비보유/최종 미선정)
376300,디어유,1.108211250101665,39.0,105802,소프트웨어 개발 및 공급업,0,0,CHECK,후보군 참고용 (비보유/최종 미선정)
036570,엔씨소프트,1.040729016112658,40.0,105802,소프트웨어 개발 및 공급업,0,0,CHECK,후보군 참고용 (비보유/최종 미선정)
010130,고려아연,1.032815568714058,41.0,032402,1차 비철금속 제조업,0,0,CHECK,후보군 참고용 (비보유/최종 미선정)
000100,유한양행,1.0295081441032323,42.0,032102,의약품 제조업,0,0,CHECK,후보군 참고용 (비보유/최종 미선정)
253450,스튜디오드래곤,0.9578276880634728,43.0,105901,"영화, 비디오물, 방송프로그램 제작 및 배급업",0,0,CHECK,후보군 참고용 (비보유/최종 미선정)
043260,성호전자,0.9447447541489296,44.0,032602,전자부품 제조업,0,0,CHECK,후보군 참고용 (비보유/최종 미선정)
195870,해성디에스,0.8401447596010595,45.0,032602,전자부품 제조업,0,0,CHECK,후보군 참고용 (비보유/최종 미선정)
009520,포스코엠텍,0.7875770668982967,46.0,032401,1차 철강 제조업,0,0,CHECK,후보군 참고용 (비보유/최종 미선정)
035720,카카오,0.7427561137407874,47.0,106301,"자료처리, 호스팅, 포털 및 기타 인터넷 정보매개 서비스업",0,0,CHECK,후보군 참고용 (비보유/최종 미선정)
064960,SNT모티브,0.7391849169843709,48.0,033003,자동차 신품 부품 제조업,0,0,CHECK,후보군 참고용 (비보유/최종 미선정)
058610,에스피지,0.685927167072877,49.0,032801,"전동기, 발전기 및 전기 변환 · 공급 · 제어 장치 제조업",0,0,CHECK,후보군 참고용 (비보유/최종 미선정)
383220,F&F,0.6543040919027822,50.0,031401,봉제의복 제조업,0,0,CHECK,후보군 참고용 (비보유/최종 미선정)
071970,HD현대마린엔진,0.6414380695904833,51.0,032901,일반 목적용 기계 제조업,0,0,CHECK,후보군 참고용 (비보유/최종 미선정)
071320,지역난방공사,0.6170159853301432,52.0,043503,"증기, 냉·온수 및 공기조절 공급업",0,0,CHECK,후보군 참고용 (비보유/최종 미선정)
298040,효성중공업,0.6150003153872865,53.0,032801,"전동기, 발전기 및 전기 변환 · 공급 · 제어 장치 제조업",0,0,CHECK,후보군 참고용 (비보유/최종 미선정)
185750,종근당,0.59431368255349,54.0,032102,의약품 제조업,0,0,CHECK,후보군 참고용 (비보유/최종 미선정)
402340,SK스퀘어,0.523864110925405,55.0,116409,기타 금융업,0,0,CHECK,후보군 참고용 (비보유/최종 미선정)
000720,현대건설,0.4511478689859202,56.0,064102,토목 건설업,0,0,CHECK,후보군 참고용 (비보유/최종 미선정)
006730,서부T&D,0.4300912910324768,57.0,095501,일반 및 생활 숙박시설 운영업,0,0,CHECK,후보군 참고용 (비보유/최종 미선정)
053800,안랩,0.3977207761227204,58.0,105802,소프트웨어 개발 및 공급업,0,0,CHECK,후보군 참고용 (비보유/최종 미선정)
069960,현대백화점,0.3932079566838895,59.0,074701,종합 소매업,0,0,CHECK,후보군 참고용 (비보유/최종 미선정)
458870,씨어스테크놀로지,0.3924231707305435,60.0,032701,의료용 기기 제조업,0,0,CHECK,후보군 참고용 (비보유/최종 미선정)
128940,한미약품,0.3831882597131862,61.0,032102,의약품 제조업,0,0,CHECK,후보군 참고용 (비보유/최종 미선정)
062040,산일전기,0.3751440550977126,62.0,032801,"전동기, 발전기 및 전기 변환 · 공급 · 제어 장치 제조업",0,0,CHECK,후보군 참고용 (비보유/최종 미선정)
267250,HD현대,0.3602403115053738,63.0,116409,기타 금융업,0,0,CHECK,후보군 참고용 (비보유/최종 미선정)
241560,두산밥캣,0.3588233625375516,64.0,032902,특수 목적용 기계 제조업,0,0,CHECK,후보군 참고용 (비보유/최종 미선정)
420770,기가비스,0.3472601773002097,65.0,032902,특수 목적용 기계 제조업,0,0,CHECK,후보군 참고용 (비보유/최종 미선정)
166090,하나머티리얼즈,0.3451209658373058,66.0,032601,반도체 제조업,0,0,CHECK,후보군 참고용 (비보유/최종 미선정)
103590,일진전기,0.3266403753951208,67.0,032803,절연선 및 케이블 제조업,0,0,CHECK,후보군 참고용 (비보유/최종 미선정)
027360,아주IB투자,0.2553143327232751,68.0,116409,기타 금융업,0,0,CHECK,후보군 참고용 (비보유/최종 미선정)
000150,두산,0.2521235490222315,69.0,116409,기타 금융업,0,0,CHECK,후보군 참고용 (비보유/최종 미선정)
271560,오리온,0.2456101921492813,70.0,031008,기타 식품 제조업,0,0,CHECK,후보군 참고용 (비보유/최종 미선정)
483650,달바글로벌,0.2434980578023708,71.0,032004,기타 화학제품 제조업,0,0,CHECK,후보군 참고용 (비보유/최종 미선정)
012510,더존비즈온,0.2243529026033099,72.0,106201,"컴퓨터 프로그래밍, 시스템 통합 및 관리업",0,0,CHECK,후보군 참고용 (비보유/최종 미선정)
023530,롯데쇼핑,0.1989196416355847,74.0,074701,종합 소매업,0,0,CHECK,후보군 참고용 (비보유/최종 미선정)
082920,비츠로셀,0.1921707043525816,75.0,032802,일차전지 및 이차전지 제조업,0,0,CHECK,후보군 참고용 (비보유/최종 미선정)
004170,신세계,0.1379582089535854,76.0,074701,종합 소매업,0,0,CHECK,후보군 참고용 (비보유/최종 미선정)
192080,더블유게임즈,0.1364397478613415,77.0,105802,소프트웨어 개발 및 공급업,0,0,CHECK,후보군 참고용 (비보유/최종 미선정)
079900,전진건설로봇,0.1331232261970981,78.0,032902,특수 목적용 기계 제조업,0,0,CHECK,후보군 참고용 (비보유/최종 미선정)
195940,HK이노엔,0.1231895193125756,79.0,032102,의약품 제조업,0,0,CHECK,후보군 참고용 (비보유/최종 미선정)
499790,GS피앤엘,0.0985871738587503,80.0,116409,기타 금융업,0,0,CHECK,후보군 참고용 (비보유/최종 미선정)
403870,HPSP,0.0977981906823761,81.0,032902,특수 목적용 기계 제조업,0,0,CHECK,후보군 참고용 (비보유/최종 미선정)
005850,에스엘,0.0595847789285065,82.0,033003,자동차 신품 부품 제조업,0,0,CHECK,후보군 참고용 (비보유/최종 미선정)
213420,덕산네오룩스,0.0590626718163918,83.0,032602,전자부품 제조업,0,0,CHECK,후보군 참고용 (비보유/최종 미선정)
011070,LG이노텍,0.0420265624008652,84.0,032602,전자부품 제조업,0,0,CHECK,후보군 참고용 (비보유/최종 미선정)
036620,감성코퍼레이션,0.0182860399834532,85.0,074607,기타 전문 도매업,0,0,CHECK,후보군 참고용 (비보유/최종 미선정)
064400,LG씨엔에스,0.0174994040475718,86.0,106201,"컴퓨터 프로그래밍, 시스템 통합 및 관리업",0,0,CHECK,후보군 참고용 (비보유/최종 미선정)
032640,LG유플러스,-0.0186159133305975,87.0,106102,전기 통신업,0,0,CHECK,후보군 참고용 (비보유/최종 미선정)
017960,한국카본,-0.0471217885156153,88.0,032501,"구조용 금속제품, 탱크 및 증기발생기 제조업",0,0,CHECK,후보군 참고용 (비보유/최종 미선정)
034020,두산에너빌리티,-0.0659619975365667,89.0,032901,일반 목적용 기계 제조업,0,0,CHECK,후보군 참고용 (비보유/최종 미선정)
295310,에이치브이엠,-0.0884324815680995,90.0,032402,1차 비철금속 제조업,0,0,CHECK,후보군 참고용 (비보유/최종 미선정)
456040,OCI,-0.1016075238029255,91.0,032001,기초 화학물질 제조업,0,0,CHECK,후보군 참고용 (비보유/최종 미선정)
035420,NAVER,-0.1034363548267586,92.0,106301,"자료처리, 호스팅, 포털 및 기타 인터넷 정보매개 서비스업",0,0,CHECK,후보군 참고용 (비보유/최종 미선정)
001800,오리온홀딩스,-0.1162659926351377,93.0,116409,기타 금융업,0,0,CHECK,후보군 참고용 (비보유/최종 미선정)
484870,엠앤씨솔루션,-0.1490689091968243,94.0,032902,특수 목적용 기계 제조업,0,0,CHECK,후보군 참고용 (비보유/최종 미선정)
145020,휴젤,-0.1527244877984691,95.0,032101,기초 의약물질 제조업,0,0,CHECK,후보군 참고용 (비보유/최종 미선정)
012330,현대모비스,-0.1839982891659687,96.0,033003,자동차 신품 부품 제조업,0,0,CHECK,후보군 참고용 (비보유/최종 미선정)
010950,S-Oil,-0.1967760239516443,97.0,031902,석유 정제품 제조업,0,0,CHECK,후보군 참고용 (비보유/최종 미선정)
100790,미래에셋벤처투자,-0.2637463650477877,98.0,116409,기타 금융업,0,0,CHECK,후보군 참고용 (비보유/최종 미선정)
357780,솔브레인,-0.2749954740398893,99.0,032004,기타 화학제품 제조업,0,0,CHECK,후보군 참고용 (비보유/최종 미선정)
050890,쏠리드,-0.2991448461506251,100.0,032604,통신 및 방송 장비 제조업,0,0,CHECK,후보군 참고용 (비보유/최종 미선정)
352820,하이브,-0.3162028194754731,101.0,105902,오디오물 출판 및 원판 녹음업,0,0,CHECK,후보군 참고용 (비보유/최종 미선정)
457190,이수스페셜티케미컬,-0.3288097406165519,102.0,032001,기초 화학물질 제조업,0,0,CHECK,후보군 참고용 (비보유/최종 미선정)
007340,DN오토모티브,-0.3498490845395574,103.0,032802,일차전지 및 이차전지 제조업,0,0,CHECK,후보군 참고용 (비보유/최종 미선정)
104830,원익머트리얼즈,-0.3569237176521081,104.0,032001,기초 화학물질 제조업,0,0,CHECK,후보군 참고용 (비보유/최종 미선정)
029780,삼성카드,-0.3601775635062479,105.0,116409,기타 금융업,0,0,CHECK,후보군 참고용 (비보유/최종 미선정)
065350,신성델타테크,-0.4289156750404294,106.0,032805,가정용 기기 제조업,0,0,CHECK,후보군 참고용 (비보유/최종 미선정)
000120,CJ대한통운,-0.4677859339028874,107.0,084903,도로 화물 운송업,0,0,CHECK,후보군 참고용 (비보유/최종 미선정)
130660,한전산업,-0.4829549312266287,108.0,137201,"건축기술, 엔지니어링 및 관련 기술 서비스업",0,0,CHECK,후보군 참고용 (비보유/최종 미선정)
307950,현대오토에버,-0.4836163274277462,109.0,105802,소프트웨어 개발 및 공급업,0,0,CHECK,후보군 참고용 (비보유/최종 미선정)
376900,로킷헬스케어,-0.5120608079657615,110.0,032103,의료용품 및 기타 의약 관련제품 제조업,0,0,CHECK,후보군 참고용 (비보유/최종 미선정)
145720,덴티움,-0.5586140259306582,111.0,032701,의료용 기기 제조업,0,0,CHECK,후보군 참고용 (비보유/최종 미선정)
047810,한국항공우주,-0.5933857451447371,112.0,033103,"항공기,우주선 및 부품 제조업",0,0,CHECK,후보군 참고용 (비보유/최종 미선정)
028670,팬오션,-0.60482727611208,113.0,085001,해상 운송업,0,0,CHECK,후보군 참고용 (비보유/최종 미선정)
039440,에스티아이,-0.6116174203700963,114.0,032902,특수 목적용 기계 제조업,0,0,CHECK,후보군 참고용 (비보유/최종 미선정)
000270,기아,-0.6648658059379328,115.0,033001,자동차용 엔진 및 자동차 제조업,0,0,CHECK,후보군 참고용 (비보유/최종 미선정)
200710,에이디테크놀로지,-0.6671297912161248,116.0,032601,반도체 제조업,0,0,CHECK,후보군 참고용 (비보유/최종 미선정)
028050,삼성E&A,-0.6952200237577775,117.0,137201,"건축기술, 엔지니어링 및 관련 기술 서비스업",0,0,CHECK,후보군 참고용 (비보유/최종 미선정)
475150,SK이터닉스,-0.7183637746984985,118.0,064101,건물 건설업,0,0,CHECK,후보군 참고용 (비보유/최종 미선정)
108490,로보티즈,-0.7315957939063018,119.0,032902,특수 목적용 기계 제조업,0,0,CHECK,후보군 참고용 (비보유/최종 미선정)
001440,대한전선,-0.7574347412864839,120.0,032803,절연선 및 케이블 제조업,0,0,CHECK,후보군 참고용 (비보유/최종 미선정)
108320,LX세미콘,-0.7601929013479355,121.0,032601,반도체 제조업,0,0,CHECK,후보군 참고용 (비보유/최종 미선정)
001040,CJ,-0.767811009227218,122.0,116409,기타 금융업,0,0,CHECK,후보군 참고용 (비보유/최종 미선정)
005940,NH투자증권,-0.8086326259043124,123.0,116601,금융 지원 서비스업,0,0,CHECK,후보군 참고용 (비보유/최종 미선정)
281820,케이씨텍,-0.812498070768687,124.0,032702,"측정, 시험, 항해, 제어 및 기타 정밀기기 제조업; 광학기기 제외",0,0,CHECK,후보군 참고용 (비보유/최종 미선정)
005830,DB손해보험,-0.8707308741345348,125.0,116501,보험업,0,0,CHECK,후보군 참고용 (비보유/최종 미선정)
103140,풍산,-0.8981631865676495,126.0,032402,1차 비철금속 제조업,0,0,CHECK,후보군 참고용 (비보유/최종 미선정)
000370,한화손해보험,-0.9075779502358294,127.0,116501,보험업,0,0,CHECK,후보군 참고용 (비보유/최종 미선정)
347700,스피어,-0.950896066685864,128.0,105802,소프트웨어 개발 및 공급업,0,0,CHECK,후보군 참고용 (비보유/최종 미선정)
281740,레이크머티리얼즈,-0.9785340546840072,129.0,032004,기타 화학제품 제조업,0,0,CHECK,후보군 참고용 (비보유/최종 미선정)
006800,미래에셋증권,-0.98,130.0,116601,금융 지원 서비스업,0,0,CHECK,후보군 참고용 (비보유/최종 미선정)
024110,기업은행,-0.98,130.0,116401,은행 및 저축기관,0,0,CHECK,후보군 참고용 (비보유/최종 미선정)
267260,HD현대일렉트릭,-1.0359001713723357,132.0,032801,"전동기, 발전기 및 전기 변환 · 공급 · 제어 장치 제조업",0,0,CHECK,후보군 참고용 (비보유/최종 미선정)
005070,코스모신소재,-1.0721791936404363,133.0,032004,기타 화학제품 제조업,0,0,CHECK,후보군 참고용 (비보유/최종 미선정)
038500,삼표시멘트,-1.073099356939983,134.0,032309,기타 비금속 광물제품 제조업,0,0,CHECK,후보군 참고용 (비보유/최종 미선정)
003230,삼양식품,-1.0891031996717888,135.0,031008,기타 식품 제조업,0,0,CHECK,후보군 참고용 (비보유/최종 미선정)
005290,동진쎄미켐,-1.0978592313703484,136.0,032001,기초 화학물질 제조업,0,0,CHECK,후보군 참고용 (비보유/최종 미선정)
011930,신성이엔지,-1.144234854280083,137.0,032601,반도체 제조업,0,0,CHECK,후보군 참고용 (비보유/최종 미선정)
017670,SK텔레콤,-1.1505956122995693,138.0,106102,전기 통신업,0,0,CHECK,후보군 참고용 (비보유/최종 미선정)
052690,한전기술,-1.2066536739269076,139.0,137201,"건축기술, 엔지니어링 및 관련 기술 서비스업",0,0,CHECK,후보군 참고용 (비보유/최종 미선정)
074600,원익QnC,-1.2192113666949669,140.0,032301,유리 및 유리제품 제조업,0,0,CHECK,후보군 참고용 (비보유/최종 미선정)
073240,금호타이어,-1.2391856978035245,141.0,032201,고무제품 제조업,0,0,CHECK,후보군 참고용 (비보유/최종 미선정)
067310,하나마이크론,-1.3711371693911445,142.0,032601,반도체 제조업,0,0,CHECK,후보군 참고용 (비보유/최종 미선정)
079160,CJ CGV,-1.4182810131837285,143.0,105901,"영화, 비디오물, 방송프로그램 제작 및 배급업",0,0,CHECK,후보군 참고용 (비보유/최종 미선정)
010140,삼성중공업,-1.471536959906736,144.0,033101,선박 및 보트 건조업,0,0,CHECK,후보군 참고용 (비보유/최종 미선정)
329180,HD현대중공업,-1.4775273192497302,145.0,033101,선박 및 보트 건조업,0,0,CHECK,후보군 참고용 (비보유/최종 미선정)
095340,ISC,-1.4801367255511937,146.0,074605,기계장비 및 관련 물품 도매업,0,0,CHECK,후보군 참고용 (비보유/최종 미선정)
222080,씨아이에스,-1.535179955742116,147.0,032902,특수 목적용 기계 제조업,0,0,CHECK,후보군 참고용 (비보유/최종 미선정)
084370,유진테크,-1.6534651547977903,148.0,032902,특수 목적용 기계 제조업,0,0,CHECK,후보군 참고용 (비보유/최종 미선정)
082270,젬백스,-1.682636631706416,149.0,032902,특수 목적용 기계 제조업,0,0,CHECK,후보군 참고용 (비보유/최종 미선정)
298050,HS효성첨단소재,-1.6884907701868217,150.0,032005,화학섬유 제조업,0,0,CHECK,후보군 참고용 (비보유/최종 미선정)
007810,코리아써키트,-1.7806936099941282,151.0,032602,전자부품 제조업,0,0,CHECK,후보군 참고용 (비보유/최종 미선정)
057050,현대홈쇼핑,-1.8338283539503608,152.0,074709,무점포 소매업,0,0,CHECK,후보군 참고용 (비보유/최종 미선정)
377300,카카오페이,-1.9099504206720903,154.0,116601,금융 지원 서비스업,0,0,CHECK,후보군 참고용 (비보유/최종 미선정)
039130,하나투어,-1.9342576386574477,155.0,147502,여행사 및 기타 여행보조 서비스업,0,0,CHECK,후보군 참고용 (비보유/최종 미선정)
036460,한국가스공사,-2.006317817414087,156.0,043502,연료용 가스 제조 및 배관공급업,0,0,CHECK,후보군 참고용 (비보유/최종 미선정)
253590,네오셈,-2.08458198120742,157.0,032902,특수 목적용 기계 제조업,0,0,CHECK,후보군 참고용 (비보유/최종 미선정)
018290,브이티,-2.102710376217924,158.0,032004,기타 화학제품 제조업,0,0,CHECK,후보군 참고용 (비보유/최종 미선정)
112610,씨에스윈드,-2.275136088540164,159.0,032501,"구조용 금속제품, 탱크 및 증기발생기 제조업",0,0,CHECK,후보군 참고용 (비보유/최종 미선정)
181710,NHN,-2.2956191836140545,160.0,105802,소프트웨어 개발 및 공급업,0,0,CHECK,후보군 참고용 (비보유/최종 미선정)
099320,쎄트렉아이,-2.399568676722349,161.0,033103,"항공기,우주선 및 부품 제조업",0,0,CHECK,후보군 참고용 (비보유/최종 미선정)
017800,현대엘리베이터,-2.463514132813315,162.0,032901,일반 목적용 기계 제조업,0,0,CHECK,후보군 참고용 (비보유/최종 미선정)
137400,피엔티,-2.5551545965856097,163.0,032902,특수 목적용 기계 제조업,0,0,CHECK,후보군 참고용 (비보유/최종 미선정)
089970,브이엠,-2.6077512232523605,164.0,032902,특수 목적용 기계 제조업,0,0,CHECK,후보군 참고용 (비보유/최종 미선정)
011200,HMM,-2.7078146023040808,165.0,085001,해상 운송업,0,0,CHECK,후보군 참고용 (비보유/최종 미선정)
178320,서진시스템,-3.0188155227344247,166.0,032809,기타 전기장비 제조업,0,0,CHECK,후보군 참고용 (비보유/최종 미선정)
039200,오스코텍,-3.2199000146737085,167.0,032102,의약품 제조업,0,0,CHECK,후보군 참고용 (비보유/최종 미선정)
082740,한화엔진,-3.491647897630571,168.0,032901,일반 목적용 기계 제조업,0,0,CHECK,후보군 참고용 (비보유/최종 미선정)
000080,하이트진로,,,031101,알코올음료 제조업,0,0,CHECK,후보군 참고용 (비보유/최종 미선정)
000210,DL,,,032001,기초 화학물질 제조업,0,0,CHECK,후보군 참고용 (비보유/최종 미선정)
000240,한국앤컴퍼니,,,116409,기타 금융업,0,0,CHECK,후보군 참고용 (비보유/최종 미선정)
000400,롯데손해보험,,,116501,보험업,0,0,CHECK,후보군 참고용 (비보유/최종 미선정)
000500,가온전선,,,032803,절연선 및 케이블 제조업,0,0,CHECK,후보군 참고용 (비보유/최종 미선정)
000810,삼성화재해상보험,,,116501,보험업,0,0,CHECK,후보군 참고용 (비보유/최종 미선정)
000880,한화,,,032004,기타 화학제품 제조업,0,0,CHECK,후보군 참고용 (비보유/최종 미선정)
000990,DB하이텍,,,032601,반도체 제조업,0,0,CHECK,후보군 참고용 (비보유/최종 미선정)
001060,JW중외제약,,,032102,의약품 제조업,0,0,CHECK,후보군 참고용 (비보유/최종 미선정)
001120,LX인터내셔널,,,074601,상품 중개업,0,0,CHECK,후보군 참고용 (비보유/최종 미선정)
001430,세아베스틸지주,,,032401,1차 철강 제조업,0,0,CHECK,후보군 참고용 (비보유/최종 미선정)
001450,현대해상,,,116501,보험업,0,0,CHECK,후보군 참고용 (비보유/최종 미선정)
001500,현대차증권,,,116601,금융 지원 서비스업,0,0,CHECK,후보군 참고용 (비보유/최종 미선정)
001680,대상,,,031008,기타 식품 제조업,0,0,CHECK,후보군 참고용 (비보유/최종 미선정)
001720,신영증권,,,116601,금융 지원 서비스업,0,0,CHECK,후보군 참고용 (비보유/최종 미선정)
001740,SK네트웍스,,,074607,기타 전문 도매업,0,0,CHECK,후보군 참고용 (비보유/최종 미선정)
002020,코오롱,,,116409,기타 금융업,0,0,CHECK,후보군 참고용 (비보유/최종 미선정)
002380,케이씨씨,,,032004,기타 화학제품 제조업,0,0,CHECK,후보군 참고용 (비보유/최종 미선정)
002790,아모레퍼시픽홀딩스,,,032004,기타 화학제품 제조업,0,0,CHECK,후보군 참고용 (비보유/최종 미선정)
003030,세아제강지주,,,116409,기타 금융업,0,0,CHECK,후보군 참고용 (비보유/최종 미선정)
003090,대웅,,,032102,의약품 제조업,0,0,CHECK,후보군 참고용 (비보유/최종 미선정)
003160,디아이,,,032702,"측정, 시험, 항해, 제어 및 기타 정밀기기 제조업; 광학기기 제외",0,0,CHECK,후보군 참고용 (비보유/최종 미선정)
003240,태광산업,,,032005,화학섬유 제조업,0,0,CHECK,후보군 참고용 (비보유/최종 미선정)
003380,하림지주,,,116409,기타 금융업,0,0,CHECK,후보군 참고용 (비보유/최종 미선정)
003470,유안타증권,,,116601,금융 지원 서비스업,0,0,CHECK,후보군 참고용 (비보유/최종 미선정)
003490,대한항공,,,085101,항공 여객 운송업,0,0,CHECK,후보군 참고용 (비보유/최종 미선정)
003530,한화투자증권,,,116601,금융 지원 서비스업,0,0,CHECK,후보군 참고용 (비보유/최종 미선정)
003540,대신증권,,,116601,금융 지원 서비스업,0,0,CHECK,후보군 참고용 (비보유/최종 미선정)
003550,LG,,,116409,기타 금융업,0,0,CHECK,후보군 참고용 (비보유/최종 미선정)
003570,SNT다이내믹스,,,033003,자동차 신품 부품 제조업,0,0,CHECK,후보군 참고용 (비보유/최종 미선정)
003670,포스코퓨처엠,,,032802,일차전지 및 이차전지 제조업,0,0,CHECK,후보군 참고용 (비보유/최종 미선정)
003690,코리안리,,,116502,재 보험업,0,0,CHECK,후보군 참고용 (비보유/최종 미선정)
003850,보령,,,032102,의약품 제조업,0,0,CHECK,후보군 참고용 (비보유/최종 미선정)
004000,롯데정밀화학,,,032001,기초 화학물질 제조업,0,0,CHECK,후보군 참고용 (비보유/최종 미선정)
004020,현대제철,,,032401,1차 철강 제조업,0,0,CHECK,후보군 참고용 (비보유/최종 미선정)
004370,농심,,,031008,기타 식품 제조업,0,0,CHECK,후보군 참고용 (비보유/최종 미선정)
004690,삼천리,,,043502,연료용 가스 제조 및 배관공급업,0,0,CHECK,후보군 참고용 (비보유/최종 미선정)
004800,효성,,,116409,기타 금융업,0,0,CHECK,후보군 참고용 (비보유/최종 미선정)
004990,롯데지주,,,116409,기타 금융업,0,0,CHECK,후보군 참고용 (비보유/최종 미선정)
005090,SGC에너지,,,043501,전기업,0,0,CHECK,후보군 참고용 (비보유/최종 미선정)
005180,빙그레,,,031004,동·식물성 유지 및 낙농제품 제조업,0,0,CHECK,후보군 참고용 (비보유/최종 미선정)
005300,롯데칠성음료,,,031102,비알코올음료 및 얼음 제조업,0,0,CHECK,후보군 참고용 (비보유/최종 미선정)
005380,현대자동차,,,033001,자동차용 엔진 및 자동차 제조업,0,0,CHECK,후보군 참고용 (비보유/최종 미선정)
005420,코스모화학,,,032004,기타 화학제품 제조업,0,0,CHECK,후보군 참고용 (비보유/최종 미선정)
005440,현대지에프홀딩스,,,116409,기타 금융업,0,0,CHECK,후보군 참고용 (비보유/최종 미선정)
005490,POSCO홀딩스,,,032401,1차 철강 제조업,0,0,CHECK,후보군 참고용 (비보유/최종 미선정)
005880,대한해운,,,085001,해상 운송업,0,0,CHECK,후보군 참고용 (비보유/최종 미선정)
006040,동원산업,,,116409,기타 금융업,0,0,CHECK,후보군 참고용 (비보유/최종 미선정)
006120,SK디스커버리,,,116409,기타 금융업,0,0,CHECK,후보군 참고용 (비보유/최종 미선정)
006220,제주은행,,,116401,은행 및 저축기관,0,0,CHECK,후보군 참고용 (비보유/최종 미선정)
006260,LS,,,116409,기타 금융업,0,0,CHECK,후보군 참고용 (비보유/최종 미선정)
006280,녹십자,,,032102,의약품 제조업,0,0,CHECK,후보군 참고용 (비보유/최종 미선정)
006360,GS건설,,,064101,건물 건설업,0,0,CHECK,후보군 참고용 (비보유/최종 미선정)
006400,삼성SDI,,,032802,일차전지 및 이차전지 제조업,0,0,CHECK,후보군 참고용 (비보유/최종 미선정)
006650,대한유화,,,032001,기초 화학물질 제조업,0,0,CHECK,후보군 참고용 (비보유/최종 미선정)
007070,GS리테일,,,074701,종합 소매업,0,0,CHECK,후보군 참고용 (비보유/최종 미선정)
007310,오뚜기,,,031008,기타 식품 제조업,0,0,CHECK,후보군 참고용 (비보유/최종 미선정)
007390,네이처셀,,,032101,기초 의약물질 제조업,0,0,CHECK,후보군 참고용 (비보유/최종 미선정)
007660,이수페타시스,,,032602,전자부품 제조업,0,0,CHECK,후보군 참고용 (비보유/최종 미선정)
008770,호텔신라,,,074708,기타 상품 전문 소매업,0,0,CHECK,후보군 참고용 (비보유/최종 미선정)
008930,한미사이언스,,,116409,기타 금융업,0,0,CHECK,후보군 참고용 (비보유/최종 미선정)
009150,삼성전기,,,032602,전자부품 제조업,0,0,CHECK,후보군 참고용 (비보유/최종 미선정)
009240,한샘,,,074604,생활용품 도매업,0,0,CHECK,후보군 참고용 (비보유/최종 미선정)
009420,한올바이오파마,,,032102,의약품 제조업,0,0,CHECK,후보군 참고용 (비보유/최종 미선정)
009540,HD한국조선해양,,,116409,기타 금융업,0,0,CHECK,후보군 참고용 (비보유/최종 미선정)
009830,한화솔루션,,,032001,기초 화학물질 제조업,0,0,CHECK,후보군 참고용 (비보유/최종 미선정)
010060,OCI홀딩스,,,116409,기타 금융업,0,0,CHECK,후보군 참고용 (비보유/최종 미선정)
010780,아이에스동서,,,032303,"시멘트, 석회, 플라스터 및 그 제품 제조업",0,0,CHECK,후보군 참고용 (비보유/최종 미선정)
011170,롯데케미칼,,,032001,기초 화학물질 제조업,0,0,CHECK,후보군 참고용 (비보유/최종 미선정)
011210,현대위아,,,033003,자동차 신품 부품 제조업,0,0,CHECK,후보군 참고용 (비보유/최종 미선정)
011780,금호석유화학,,,032001,기초 화학물질 제조업,0,0,CHECK,후보군 참고용 (비보유/최종 미선정)
011790,SKC,,,032004,기타 화학제품 제조업,0,0,CHECK,후보군 참고용 (비보유/최종 미선정)
012450,한화에어로스페이스,,,033103,"항공기,우주선 및 부품 제조업",0,0,CHECK,후보군 참고용 (비보유/최종 미선정)
012630,HDC,,,116409,기타 금융업,0,0,CHECK,후보군 참고용 (비보유/최종 미선정)
012750,에스원,,,147503,"경비, 경호 및 탐정업",0,0,CHECK,후보군 참고용 (비보유/최종 미선정)
014620,성광벤드,,,032401,1차 철강 제조업,0,0,CHECK,후보군 참고용 (비보유/최종 미선정)
014680,한솔케미칼,,,032001,기초 화학물질 제조업,0,0,CHECK,후보군 참고용 (비보유/최종 미선정)
015750,성우하이텍,,,033003,자동차 신품 부품 제조업,0,0,CHECK,후보군 참고용 (비보유/최종 미선정)
015760,한국전력공사,,,043501,전기업,0,0,CHECK,후보군 참고용 (비보유/최종 미선정)
016360,삼성증권,,,116601,금융 지원 서비스업,0,0,CHECK,후보군 참고용 (비보유/최종 미선정)
018260,삼성에스디에스,,,106201,"컴퓨터 프로그래밍, 시스템 통합 및 관리업",0,0,CHECK,후보군 참고용 (비보유/최종 미선정)
018670,SK가스,,,074607,기타 전문 도매업,0,0,CHECK,후보군 참고용 (비보유/최종 미선정)
018880,한온시스템,,,032901,일반 목적용 기계 제조업,0,0,CHECK,후보군 참고용 (비보유/최종 미선정)
020150,롯데에너지머티리얼즈,,,032602,전자부품 제조업,0,0,CHECK,후보군 참고용 (비보유/최종 미선정)
021240,코웨이,,,199609,그외 기타 개인 서비스업,0,0,CHECK,후보군 참고용 (비보유/최종 미선정)
022100,포스코DX,,,137201,"건축기술, 엔지니어링 및 관련 기술 서비스업",0,0,CHECK,후보군 참고용 (비보유/최종 미선정)
023590,다우기술,,,106301,"자료처리, 호스팅, 포털 및 기타 인터넷 정보매개 서비스업",0,0,CHECK,후보군 참고용 (비보유/최종 미선정)
025320,시노펙스,,,032602,전자부품 제조업,0,0,CHECK,후보군 참고용 (비보유/최종 미선정)
025980,아난티,,,095501,일반 및 생활 숙박시설 운영업,0,0,CHECK,후보군 참고용 (비보유/최종 미선정)
026960,동서,,,074603,음·식료품 및 담배 도매업,0,0,CHECK,후보군 참고용 (비보유/최종 미선정)
028260,삼성물산,,,074607,기타 전문 도매업,0,0,CHECK,후보군 참고용 (비보유/최종 미선정)
028300,HLB,,,032103,의료용품 및 기타 의약 관련제품 제조업,0,0,CHECK,후보군 참고용 (비보유/최종 미선정)
030000,제일기획,,,137103,광고업,0,0,CHECK,후보군 참고용 (비보유/최종 미선정)
030190,NICE평가정보,,,106309,기타 정보 서비스업,0,0,CHECK,후보군 참고용 (비보유/최종 미선정)
030200,케이티,,,106102,전기 통신업,0,0,CHECK,후보군 참고용 (비보유/최종 미선정)
030520,한글과컴퓨터,,,105802,소프트웨어 개발 및 공급업,0,0,CHECK,후보군 참고용 (비보유/최종 미선정)
030530,원익홀딩스,,,032001,기초 화학물질 제조업,0,0,CHECK,후보군 참고용 (비보유/최종 미선정)
030610,교보증권,,,116601,금융 지원 서비스업,0,0,CHECK,후보군 참고용 (비보유/최종 미선정)
031980,피에스케이홀딩스,,,032902,특수 목적용 기계 제조업,0,0,CHECK,후보군 참고용 (비보유/최종 미선정)
032350,롯데관광개발,,,147502,여행사 및 기타 여행보조 서비스업,0,0,CHECK,후보군 참고용 (비보유/최종 미선정)
032820,우리기술,,,032801,"전동기, 발전기 및 전기 변환 · 공급 · 제어 장치 제조업",0,0,CHECK,후보군 참고용 (비보유/최종 미선정)
032830,삼성생명,,,116501,보험업,0,0,CHECK,후보군 참고용 (비보유/최종 미선정)
033100,제룡전기,,,032801,"전동기, 발전기 및 전기 변환 · 공급 · 제어 장치 제조업",0,0,CHECK,후보군 참고용 (비보유/최종 미선정)
033500,동성화인텍,,,032001,기초 화학물질 제조업,0,0,CHECK,후보군 참고용 (비보유/최종 미선정)
033780,케이티앤지,,,031201,담배 제조업,0,0,CHECK,후보군 참고용 (비보유/최종 미선정)
034220,LG디스플레이,,,032602,전자부품 제조업,0,0,CHECK,후보군 참고용 (비보유/최종 미선정)
034230,파라다이스,,,189102,유원지 및 기타 오락관련 서비스업,0,0,CHECK,후보군 참고용 (비보유/최종 미선정)
034730,SK,,,116409,기타 금융업,0,0,CHECK,후보군 참고용 (비보유/최종 미선정)
035250,강원랜드,,,189102,유원지 및 기타 오락관련 서비스업,0,0,CHECK,후보군 참고용 (비보유/최종 미선정)
036540,SFA반도체,,,032601,반도체 제조업,0,0,CHECK,후보군 참고용 (비보유/최종 미선정)
036810,에프에스티,,,032602,전자부품 제조업,0,0,CHECK,후보군 참고용 (비보유/최종 미선정)
036830,솔브레인홀딩스,,,137105,회사 본부 및 경영 컨설팅 서비스업,0,0,CHECK,후보군 참고용 (비보유/최종 미선정)
036930,주성엔지니어링,,,032902,특수 목적용 기계 제조업,0,0,CHECK,후보군 참고용 (비보유/최종 미선정)
039030,이오테크닉스,,,032902,특수 목적용 기계 제조업,0,0,CHECK,후보군 참고용 (비보유/최종 미선정)
039490,키움증권,,,116601,금융 지원 서비스업,0,0,CHECK,후보군 참고용 (비보유/최종 미선정)
041190,우리기술투자,,,116409,기타 금융업,0,0,CHECK,후보군 참고용 (비보유/최종 미선정)
041960,코미팜,,,032102,의약품 제조업,0,0,CHECK,후보군 참고용 (비보유/최종 미선정)
042520,한스바이오메드,,,032103,의료용품 및 기타 의약 관련제품 제조업,0,0,CHECK,후보군 참고용 (비보유/최종 미선정)
042660,한화오션,,,033101,선박 및 보트 건조업,0,0,CHECK,후보군 참고용 (비보유/최종 미선정)
042700,한미반도체,,,032902,특수 목적용 기계 제조업,0,0,CHECK,후보군 참고용 (비보유/최종 미선정)
044490,태웅,,,032509,기타 금속 가공제품 제조업,0,0,CHECK,후보군 참고용 (비보유/최종 미선정)
045100,한양이엔지,,,137201,"건축기술, 엔지니어링 및 관련 기술 서비스업",0,0,CHECK,후보군 참고용 (비보유/최종 미선정)
047040,대우건설,,,064101,건물 건설업,0,0,CHECK,후보군 참고용 (비보유/최종 미선정)
047050,포스코인터내셔널,,,074601,상품 중개업,0,0,CHECK,후보군 참고용 (비보유/최종 미선정)
048410,현대바이오,,,032004,기타 화학제품 제조업,0,0,CHECK,후보군 참고용 (비보유/최종 미선정)
051600,한전KPS,,,064203,전기 및 통신 공사업,0,0,CHECK,후보군 참고용 (비보유/최종 미선정)
051900,LG생활건강,,,032004,기타 화학제품 제조업,0,0,CHECK,후보군 참고용 (비보유/최종 미선정)
051910,LG화학,,,032001,기초 화학물질 제조업,0,0,CHECK,후보군 참고용 (비보유/최종 미선정)
052400,코나아이,,,105802,소프트웨어 개발 및 공급업,0,0,CHECK,후보군 참고용 (비보유/최종 미선정)
055550,신한지주,,,116409,기타 금융업,0,0,CHECK,후보군 참고용 (비보유/최종 미선정)
056080,유진로봇,,,032902,특수 목적용 기계 제조업,0,0,CHECK,후보군 참고용 (비보유/최종 미선정)
056190,에스에프에이,,,032902,특수 목적용 기계 제조업,0,0,CHECK,후보군 참고용 (비보유/최종 미선정)
059090,미코,,,032601,반도체 제조업,0,0,CHECK,후보군 참고용 (비보유/최종 미선정)
060250,NHN KCP,,,116601,금융 지원 서비스업,0,0,CHECK,후보군 참고용 (비보유/최종 미선정)
060370,LS마린솔루션,,,064203,전기 및 통신 공사업,0,0,CHECK,후보군 참고용 (비보유/최종 미선정)
064260,다날,,,105802,소프트웨어 개발 및 공급업,0,0,CHECK,후보군 참고용 (비보유/최종 미선정)
064350,현대로템,,,033102,철도장비 제조업,0,0,CHECK,후보군 참고용 (비보유/최종 미선정)
064760,티씨케이,,,032309,기타 비금속 광물제품 제조업,0,0,CHECK,후보군 참고용 (비보유/최종 미선정)
066570,LG전자,,,032604,통신 및 방송 장비 제조업,0,0,CHECK,후보군 참고용 (비보유/최종 미선정)
066970,엘앤에프,,,032802,일차전지 및 이차전지 제조업,0,0,CHECK,후보군 참고용 (비보유/최종 미선정)
067160,SOOP,,,105802,소프트웨어 개발 및 공급업,0,0,CHECK,후보군 참고용 (비보유/최종 미선정)
068760,셀트리온제약,,,032102,의약품 제조업,0,0,CHECK,후보군 참고용 (비보유/최종 미선정)
069620,대웅제약,,,032102,의약품 제조업,0,0,CHECK,후보군 참고용 (비보유/최종 미선정)
071050,한국금융지주,,,116409,기타 금융업,0,0,CHECK,후보군 참고용 (비보유/최종 미선정)
077970,STX엔진,,,032901,일반 목적용 기계 제조업,0,0,CHECK,후보군 참고용 (비보유/최종 미선정)
078160,메디포스트,,,032101,기초 의약물질 제조업,0,0,CHECK,후보군 참고용 (비보유/최종 미선정)
078600,대주전자재료,,,032602,전자부품 제조업,0,0,CHECK,후보군 참고용 (비보유/최종 미선정)
078930,GS,,,116409,기타 금융업,0,0,CHECK,후보군 참고용 (비보유/최종 미선정)
079370,제우스,,,032902,특수 목적용 기계 제조업,0,0,CHECK,후보군 참고용 (비보유/최종 미선정)
079550,LIG넥스원,,,032502,무기 및 총포탄 제조업,0,0,CHECK,후보군 참고용 (비보유/최종 미선정)
081660,미스토홀딩스,,,074604,생활용품 도매업,0,0,CHECK,후보군 참고용 (비보유/최종 미선정)
083450,GST,,,032902,특수 목적용 기계 제조업,0,0,CHECK,후보군 참고용 (비보유/최종 미선정)
085620,미래에셋생명,,,116501,보험업,0,0,CHECK,후보군 참고용 (비보유/최종 미선정)
085660,차바이오텍,,,032101,기초 의약물질 제조업,0,0,CHECK,후보군 참고용 (비보유/최종 미선정)
086280,현대글로비스,,,085209,기타 운송관련 서비스업,0,0,CHECK,후보군 참고용 (비보유/최종 미선정)
086450,동국제약,,,032102,의약품 제조업,0,0,CHECK,후보군 참고용 (비보유/최종 미선정)
086520,에코프로,,,116409,기타 금융업,0,0,CHECK,후보군 참고용 (비보유/최종 미선정)
086790,하나금융지주,,,116409,기타 금융업,0,0,CHECK,후보군 참고용 (비보유/최종 미선정)
086900,메디톡스,,,032101,기초 의약물질 제조업,0,0,CHECK,후보군 참고용 (비보유/최종 미선정)
087010,펩트론,,,032101,기초 의약물질 제조업,0,0,CHECK,후보군 참고용 (비보유/최종 미선정)
088350,한화생명,,,116501,보험업,0,0,CHECK,후보군 참고용 (비보유/최종 미선정)
089010,켐트로닉스,,,032004,기타 화학제품 제조업,0,0,CHECK,후보군 참고용 (비보유/최종 미선정)
089030,테크윙,,,032902,특수 목적용 기계 제조업,0,0,CHECK,후보군 참고용 (비보유/최종 미선정)
090360,로보스타,,,032902,특수 목적용 기계 제조업,0,0,CHECK,후보군 참고용 (비보유/최종 미선정)
090430,아모레퍼시픽,,,032004,기타 화학제품 제조업,0,0,CHECK,후보군 참고용 (비보유/최종 미선정)
090460,비에이치,,,032602,전자부품 제조업,0,0,CHECK,후보군 참고용 (비보유/최종 미선정)
090710,휴림로봇,,,032902,특수 목적용 기계 제조업,0,0,CHECK,후보군 참고용 (비보유/최종 미선정)
093370,후성,,,032001,기초 화학물질 제조업,0,0,CHECK,후보군 참고용 (비보유/최종 미선정)
094170,동운아나텍,,,032601,반도체 제조업,0,0,CHECK,후보군 참고용 (비보유/최종 미선정)
096530,씨젠,,,032103,의료용품 및 기타 의약 관련제품 제조업,0,0,CHECK,후보군 참고용 (비보유/최종 미선정)
096770,SK이노베이션,,,031902,석유 정제품 제조업,0,0,CHECK,후보군 참고용 (비보유/최종 미선정)
097950,CJ제일제당,,,031008,기타 식품 제조업,0,0,CHECK,후보군 참고용 (비보유/최종 미선정)
100090,SK오션플랜트,,,032401,1차 철강 제조업,0,0,CHECK,후보군 참고용 (비보유/최종 미선정)
102710,이엔에프테크놀로지,,,032004,기타 화학제품 제조업,0,0,CHECK,후보군 참고용 (비보유/최종 미선정)
105560,KB금융,,,116409,기타 금융업,0,0,CHECK,후보군 참고용 (비보유/최종 미선정)
105840,우진,,,032702,"측정, 시험, 항해, 제어 및 기타 정밀기기 제조업; 광학기기 제외",0,0,CHECK,후보군 참고용 (비보유/최종 미선정)
111770,영원무역,,,074608,상품 종합 도매업,0,0,CHECK,후보군 참고용 (비보유/최종 미선정)
112040,위메이드,,,105802,소프트웨어 개발 및 공급업,0,0,CHECK,후보군 참고용 (비보유/최종 미선정)
114090,GKL,,,189102,유원지 및 기타 오락관련 서비스업,0,0,CHECK,후보군 참고용 (비보유/최종 미선정)
114810,한솔아이원스,,,032902,특수 목적용 기계 제조업,0,0,CHECK,후보군 참고용 (비보유/최종 미선정)
115180,큐리언트,,,137001,자연과학 및 공학 연구개발업,0,0,CHECK,후보군 참고용 (비보유/최종 미선정)
117730,티로보틱스,,,032902,특수 목적용 기계 제조업,0,0,CHECK,후보군 참고용 (비보유/최종 미선정)
119850,지엔씨에너지,,,032801,"전동기, 발전기 및 전기 변환 · 공급 · 제어 장치 제조업",0,0,CHECK,후보군 참고용 (비보유/최종 미선정)
120110,코오롱인더,,,032005,화학섬유 제조업,0,0,CHECK,후보군 참고용 (비보유/최종 미선정)
122640,예스티,,,032902,특수 목적용 기계 제조업,0,0,CHECK,후보군 참고용 (비보유/최종 미선정)
122870,와이지엔터테인먼트,,,105902,오디오물 출판 및 원판 녹음업,0,0,CHECK,후보군 참고용 (비보유/최종 미선정)
126340,비나텍,,,032802,일차전지 및 이차전지 제조업,0,0,CHECK,후보군 참고용 (비보유/최종 미선정)
127120,제이에스링크,,,137001,자연과학 및 공학 연구개발업,0,0,CHECK,후보군 참고용 (비보유/최종 미선정)
131970,두산테스나,,,137309,"그외 기타 전문, 과학 및 기술 서비스업",0,0,CHECK,후보군 참고용 (비보유/최종 미선정)
138040,메리츠금융지주,,,116409,기타 금융업,0,0,CHECK,후보군 참고용 (비보유/최종 미선정)
138930,BNK금융지주,,,116409,기타 금융업,0,0,CHECK,후보군 참고용 (비보유/최종 미선정)
139130,iM금융지주,,,116409,기타 금융업,0,0,CHECK,후보군 참고용 (비보유/최종 미선정)
139480,이마트,,,074701,종합 소매업,0,0,CHECK,후보군 참고용 (비보유/최종 미선정)
140410,메지온,,,137001,자연과학 및 공학 연구개발업,0,0,CHECK,후보군 참고용 (비보유/최종 미선정)
140860,파크시스템스,,,032702,"측정, 시험, 항해, 제어 및 기타 정밀기기 제조업; 광학기기 제외",0,0,CHECK,후보군 참고용 (비보유/최종 미선정)
141080,리가켐바이오,,,137001,자연과학 및 공학 연구개발업,0,0,CHECK,후보군 참고용 (비보유/최종 미선정)
160190,하이젠알앤엠,,,032801,"전동기, 발전기 및 전기 변환 · 공급 · 제어 장치 제조업",0,0,CHECK,후보군 참고용 (비보유/최종 미선정)
161390,한국타이어앤테크놀로지,,,032201,고무제품 제조업,0,0,CHECK,후보군 참고용 (비보유/최종 미선정)
161580,필옵틱스,,,032902,특수 목적용 기계 제조업,0,0,CHECK,후보군 참고용 (비보유/최종 미선정)
161890,한국콜마,,,032004,기타 화학제품 제조업,0,0,CHECK,후보군 참고용 (비보유/최종 미선정)
174900,앱클론,,,032103,의료용품 및 기타 의약 관련제품 제조업,0,0,CHECK,후보군 참고용 (비보유/최종 미선정)
175330,JB금융지주,,,116409,기타 금융업,0,0,CHECK,후보군 참고용 (비보유/최종 미선정)
178920,PI첨단소재,,,032202,플라스틱제품 제조업,0,0,CHECK,후보군 참고용 (비보유/최종 미선정)
180640,한진칼,,,116409,기타 금융업,0,0,CHECK,후보군 참고용 (비보유/최종 미선정)
183300,코미코,,,032902,특수 목적용 기계 제조업,0,0,CHECK,후보군 참고용 (비보유/최종 미선정)
192650,드림텍,,,032602,전자부품 제조업,0,0,CHECK,후보군 참고용 (비보유/최종 미선정)
192820,코스맥스,,,032004,기타 화학제품 제조업,0,0,CHECK,후보군 참고용 (비보유/최종 미선정)
196170,알테오젠,,,137001,자연과학 및 공학 연구개발업,0,0,CHECK,후보군 참고용 (비보유/최종 미선정)
204270,제이앤티씨,,,032602,전자부품 제조업,0,0,CHECK,후보군 참고용 (비보유/최종 미선정)
204320,HL만도,,,033003,자동차 신품 부품 제조업,0,0,CHECK,후보군 참고용 (비보유/최종 미선정)
206650,유바이오로직스,,,032102,의약품 제조업,0,0,CHECK,후보군 참고용 (비보유/최종 미선정)
207940,삼성바이오로직스,,,032101,기초 의약물질 제조업,0,0,CHECK,후보군 참고용 (비보유/최종 미선정)
214370,케어젠,,,032101,기초 의약물질 제조업,0,0,CHECK,후보군 참고용 (비보유/최종 미선정)
214430,아이쓰리시스템,,,032602,전자부품 제조업,0,0,CHECK,후보군 참고용 (비보유/최종 미선정)
214450,파마리서치,,,032103,의료용품 및 기타 의약 관련제품 제조업,0,0,CHECK,후보군 참고용 (비보유/최종 미선정)
215600,신라젠,,,137001,자연과학 및 공학 연구개발업,0,0,CHECK,후보군 참고용 (비보유/최종 미선정)
222800,심텍,,,032602,전자부품 제조업,0,0,CHECK,후보군 참고용 (비보유/최종 미선정)
225570,넥슨게임즈,,,105802,소프트웨어 개발 및 공급업,0,0,CHECK,후보군 참고용 (비보유/최종 미선정)
226950,올릭스,,,137001,자연과학 및 공학 연구개발업,0,0,CHECK,후보군 참고용 (비보유/최종 미선정)
229640,LS에코에너지,,,116409,기타 금융업,0,0,CHECK,후보군 참고용 (비보유/최종 미선정)
240810,원익IPS,,,032902,특수 목적용 기계 제조업,0,0,CHECK,후보군 참고용 (비보유/최종 미선정)
241710,코스메카코리아,,,032004,기타 화학제품 제조업,0,0,CHECK,후보군 참고용 (비보유/최종 미선정)
247540,에코프로비엠,,,032802,일차전지 및 이차전지 제조업,0,0,CHECK,후보군 참고용 (비보유/최종 미선정)
248070,솔루엠,,,032602,전자부품 제조업,0,0,CHECK,후보군 참고용 (비보유/최종 미선정)
251970,펌텍코리아,,,032202,플라스틱제품 제조업,0,0,CHECK,후보군 참고용 (비보유/최종 미선정)
252990,샘씨엔에스,,,032602,전자부품 제조업,0,0,CHECK,후보군 참고용 (비보유/최종 미선정)
257720,실리콘투,,,074608,상품 종합 도매업,0,0,CHECK,후보군 참고용 (비보유/최종 미선정)
259960,크래프톤,,,105802,소프트웨어 개발 및 공급업,0,0,CHECK,후보군 참고용 (비보유/최종 미선정)
263750,펄어비스,,,105802,소프트웨어 개발 및 공급업,0,0,CHECK,후보군 참고용 (비보유/최종 미선정)
267270,HD건설기계,,,032902,특수 목적용 기계 제조업,0,0,CHECK,후보군 참고용 (비보유/최종 미선정)
272210,한화시스템,,,032602,전자부품 제조업,0,0,CHECK,후보군 참고용 (비보유/최종 미선정)
272290,이녹스첨단소재,,,032602,전자부품 제조업,0,0,CHECK,후보군 참고용 (비보유/최종 미선정)
277810,레인보우로보틱스,,,032902,특수 목적용 기계 제조업,0,0,CHECK,후보군 참고용 (비보유/최종 미선정)
278280,천보,,,032001,기초 화학물질 제조업,0,0,CHECK,후보군 참고용 (비보유/최종 미선정)
280360,롯데웰푸드,,,031008,기타 식품 제조업,0,0,CHECK,후보군 참고용 (비보유/최종 미선정)
282330,BGF리테일,,,074701,종합 소매업,0,0,CHECK,후보군 참고용 (비보유/최종 미선정)
285130,SK케미칼,,,032002,합성고무 및 플라스틱 물질 제조업,0,0,CHECK,후보군 참고용 (비보유/최종 미선정)
287840,인투셀,,,137001,자연과학 및 공학 연구개발업,0,0,CHECK,후보군 참고용 (비보유/최종 미선정)
290650,엘앤씨바이오,,,032102,의약품 제조업,0,0,CHECK,후보군 참고용 (비보유/최종 미선정)
293490,카카오게임즈,,,105802,소프트웨어 개발 및 공급업,0,0,CHECK,후보군 참고용 (비보유/최종 미선정)
294870,IPARK현대산업개발,,,064101,건물 건설업,0,0,CHECK,후보군 참고용 (비보유/최종 미선정)
298020,효성티앤씨,,,032005,화학섬유 제조업,0,0,CHECK,후보군 참고용 (비보유/최종 미선정)
298380,에이비엘바이오,,,032101,기초 의약물질 제조업,0,0,CHECK,후보군 참고용 (비보유/최종 미선정)
302440,SK바이오사이언스,,,032101,기초 의약물질 제조업,0,0,CHECK,후보군 참고용 (비보유/최종 미선정)
310210,보로노이,,,137001,자연과학 및 공학 연구개발업,0,0,CHECK,후보군 참고용 (비보유/최종 미선정)
316140,우리금융지주,,,116409,기타 금융업,0,0,CHECK,후보군 참고용 (비보유/최종 미선정)
319400,현대무벡스,,,032901,일반 목적용 기계 제조업,0,0,CHECK,후보군 참고용 (비보유/최종 미선정)
319660,피에스케이,,,032902,특수 목적용 기계 제조업,0,0,CHECK,후보군 참고용 (비보유/최종 미선정)
322000,HD현대에너지솔루션,,,032601,반도체 제조업,0,0,CHECK,후보군 참고용 (비보유/최종 미선정)
323280,태성,,,032902,특수 목적용 기계 제조업,0,0,CHECK,후보군 참고용 (비보유/최종 미선정)
323410,카카오뱅크,,,116401,은행 및 저축기관,0,0,CHECK,후보군 참고용 (비보유/최종 미선정)
326030,에스케이바이오팜,,,137001,자연과학 및 공학 연구개발업,0,0,CHECK,후보군 참고용 (비보유/최종 미선정)
328130,루닛,,,105802,소프트웨어 개발 및 공급업,0,0,CHECK,후보군 참고용 (비보유/최종 미선정)
336260,두산퓨얼셀,,,032801,"전동기, 발전기 및 전기 변환 · 공급 · 제어 장치 제조업",0,0,CHECK,후보군 참고용 (비보유/최종 미선정)
336370,솔루스첨단소재,,,032602,전자부품 제조업,0,0,CHECK,후보군 참고용 (비보유/최종 미선정)
347850,디앤디파마텍,,,137001,자연과학 및 공학 연구개발업,0,0,CHECK,후보군 참고용 (비보유/최종 미선정)
348210,넥스틴,,,032902,특수 목적용 기계 제조업,0,0,CHECK,후보군 참고용 (비보유/최종 미선정)
348340,뉴로메카,,,032902,특수 목적용 기계 제조업,0,0,CHECK,후보군 참고용 (비보유/최종 미선정)
348370,엔켐,,,032001,기초 화학물질 제조업,0,0,CHECK,후보군 참고용 (비보유/최종 미선정)
356860,티엘비,,,032602,전자부품 제조업,0,0,CHECK,후보군 참고용 (비보유/최종 미선정)
358570,지아이이노베이션,,,137001,자연과학 및 공학 연구개발업,0,0,CHECK,후보군 참고용 (비보유/최종 미선정)
361610,SK아이이테크놀로지,,,032802,일차전지 및 이차전지 제조업,0,0,CHECK,후보군 참고용 (비보유/최종 미선정)
365340,성일하이텍,,,032001,기초 화학물질 제조업,0,0,CHECK,후보군 참고용 (비보유/최종 미선정)
368770,파이버프로,,,032702,"측정, 시험, 항해, 제어 및 기타 정밀기기 제조업; 광학기기 제외",0,0,CHECK,후보군 참고용 (비보유/최종 미선정)
372320,큐로셀,,,137001,자연과학 및 공학 연구개발업,0,0,CHECK,후보군 참고용 (비보유/최종 미선정)
373220,LG에너지솔루션,,,032802,일차전지 및 이차전지 제조업,0,0,CHECK,후보군 참고용 (비보유/최종 미선정)
375500,DL이앤씨,,,064102,토목 건설업,0,0,CHECK,후보군 참고용 (비보유/최종 미선정)
383310,에코프로에이치엔,,,032004,기타 화학제품 제조업,0,0,CHECK,후보군 참고용 (비보유/최종 미선정)
383800,LX홀딩스,,,116409,기타 금융업,0,0,CHECK,후보군 참고용 (비보유/최종 미선정)
388720,유일로보틱스,,,032902,특수 목적용 기계 제조업,0,0,CHECK,후보군 참고용 (비보유/최종 미선정)
389470,인벤티지랩,,,137001,자연과학 및 공학 연구개발업,0,0,CHECK,후보군 참고용 (비보유/최종 미선정)
389650,넥스트바이오메디컬,,,032701,의료용 기기 제조업,0,0,CHECK,후보군 참고용 (비보유/최종 미선정)
397030,에이프릴바이오,,,137001,자연과학 및 공학 연구개발업,0,0,CHECK,후보군 참고용 (비보유/최종 미선정)
399720,가온칩스,,,032601,반도체 제조업,0,0,CHECK,후보군 참고용 (비보유/최종 미선정)
417200,LS머트리얼즈,,,032602,전자부품 제조업,0,0,CHECK,후보군 참고용 (비보유/최종 미선정)
437730,삼현,,,033003,자동차 신품 부품 제조업,0,0,CHECK,후보군 참고용 (비보유/최종 미선정)
440110,파두,,,032601,반도체 제조업,0,0,CHECK,후보군 참고용 (비보유/최종 미선정)
443060,HD현대마린솔루션,,,137201,"건축기술, 엔지니어링 및 관련 기술 서비스업",0,0,CHECK,후보군 참고용 (비보유/최종 미선정)
445680,큐리옥스바이오시스템즈,,,032701,의료용 기기 제조업,0,0,CHECK,후보군 참고용 (비보유/최종 미선정)
450080,에코프로머티,,,032802,일차전지 및 이차전지 제조업,0,0,CHECK,후보군 참고용 (비보유/최종 미선정)
454910,두산로보틱스,,,032902,특수 목적용 기계 제조업,0,0,CHECK,후보군 참고용 (비보유/최종 미선정)
456160,지투지바이오,,,032102,의약품 제조업,0,0,CHECK,후보군 참고용 (비보유/최종 미선정)
460930,현대힘스,,,033101,선박 및 보트 건조업,0,0,CHECK,후보군 참고용 (비보유/최종 미선정)
466100,클로봇,,,105802,소프트웨어 개발 및 공급업,0,0,CHECK,후보군 참고용 (비보유/최종 미선정)
475830,오름테라퓨틱,,,032101,기초 의약물질 제조업,0,0,CHECK,후보군 참고용 (비보유/최종 미선정)
475960,토모큐브,,,032703,사진장비 및 광학기기 제조업,0,0,CHECK,후보군 참고용 (비보유/최종 미선정)
476060,온코닉테라퓨틱스,,,137001,자연과학 및 공학 연구개발업,0,0,CHECK,후보군 참고용 (비보유/최종 미선정)
476830,알지노믹스,,,137001,자연과학 및 공학 연구개발업,0,0,CHECK,후보군 참고용 (비보유/최종 미선정)
489790,한화비전,,,032604,통신 및 방송 장비 제조업,0,0,CHECK,후보군 참고용 (비보유/최종 미선정)
950160,코오롱티슈진,,,032101,기초 의약물질 제조업,0,0,CHECK,후보군 참고용 (비보유/최종 미선정)
